iteration,inputs.1,inputs.0,inputs.iC,scale.1,scale.2,rel.r1,b.1,b.2,rates.k1sum,rates.k1,rates.k2,rates.k3,rates.k4,rates.k3d2,rates.k4d2,rates.k5,rates.kC,irf.center,irf.width,irf.dispc,irf.disp1,irf.disp2,irf.disp3,irf2.center
0.0,1.0,0.0,1.0,1.0,1.3,1.0,-2.441847160327553,-0.09101939838716855,2.2512327212665717,-0.19055536172105816,2.1705953685310937,-0.7257276053082433,-3.299668396953127,-0.35667494393873245,-2.4651040224918206,-3.9483810200157556,4.59511985013459,1.19809,0.05843,550.0,0.3089571,-0.0833899,0.0047,0.7
0.0,1.0,0.0,1.0,1.0,1.3,1.0,-2.441847160327553,-0.09101939838716855,2.2512327212665717,-0.19055536172105816,2.1705953685310937,-0.7257276053082432,-3.299668396953127,-0.35667494393873245,-2.4651040224918206,-3.9483810200157556,4.59511985013459,1.19809,0.05843,550.0,0.3089571,-0.0833899,0.0047,0.7
0.0,1.0,0.0,1.0,1.0,1.3000000193715096,1.0,-2.441847160327553,-0.09101939838716855,2.2512327212665717,-0.19055536172105816,2.1705953685310937,-0.7257276053082432,-3.299668396953127,-0.35667494393873245,-2.4651040224918206,-3.9483810200157556,4.59511985013459,1.19809,0.05843,550.0,0.3089571,-0.0833899,0.0047,0.7
0.0,1.0,0.0,1.0,1.0,1.3,1.0,-2.441847196713911,-0.0910193949199035,2.2512327212665717,-0.19055536172105816,2.1705953685310937,-0.7257276053082432,-3.299668396953127,-0.35667494393873245,-2.4651040224918206,-3.9483810200157556,4.59511985013459,1.19809,0.05843,550.0,0.3089571,-0.0833899,0.0047,0.7
0.0,1.0,0.0,1.0,1.0,1.3,1.0,-2.441847160327553,-0.09101939838716855,2.2512327212665717,-0.19055536172105816,2.1705953685310937,-0.7257276202094045,-3.299668396953127,-0.35667494393873245,-2.4651040224918206,-3.9483810200157556,4.59511985013459,1.19809,0.05843,550.0,0.3089571,-0.0833899,0.0047,0.7
0.0,1.0,0.0,1.0,1.0,1.3,1.0,-2.441847160327553,-0.09101939838716855,2.2512327212665717,-0.19055536172105816,2.1705953685310937,-0.7257276053082432,-3.2996684461220176,-0.35667494393873245,-2.4651040224918206,-3.9483810200157556,4.59511985013459,1.19809,0.05843,550.0,0.3089571,-0.0833899,0.0047,0.7
0.0,1.0,0.0,1.0,1.0,1.3,1.0,-2.441847160327553,-0.09101939838716855,2.2512327212665717,-0.19055536172105816,2.1705953685310937,-0.7257276053082432,-3.299668396953127,-0.3566749588398937,-2.4651040224918206,-3.9483810200157556,4.59511985013459,1.19809,0.05843,550.0,0.3089571,-0.0833899,0.0047,0.7
0.0,1.0,0.0,1.0,1.0,1.3,1.0,-2.441847160327553,-0.09101939838716855,2.2512327212665717,-0.19055536172105816,2.1705953685310937,-0.7257276053082432,-3.299668396953127,-0.35667494393873245,-2.465104059224733,-3.9483810200157556,4.59511985013459,1.19809,0.05843,550.0,0.3089571,-0.0833899,0.0047,0.7
0.0,1.0,0.0,1.0,1.0,1.3,1.0,-2.441847160327553,-0.09101939838716855,2.2512327212665717,-0.19055536172105816,2.1705953685310937,-0.7257276053082432,-3.299668396953127,-0.35667494393873245,-2.4651040224918206,-3.9483810788512175,4.59511985013459,1.19809,0.05843,550.0,0.3089571,-0.0833899,0.0047,0.7
0.0,1.0,0.0,1.0,1.0,1.3,1.0,-2.441847160327553,-0.09101939838716855,2.2512327212665717,-0.19055536172105816,2.1705953685310937,-0.7257276053082432,-3.299668396953127,-0.35667494393873245,-2.4651040224918206,-3.9483810200157556,4.59511985013459,1.1980900178529323,0.05843,550.0,0.3089571,-0.0833899,0.0047,0.7
0.0,1.0,0.0,1.0,1.0,1.3,1.0,-2.441847160327553,-0.09101939838716855,2.2512327212665717,-0.19055536172105816,2.1705953685310937,-0.7257276053082432,-3.299668396953127,-0.35667494393873245,-2.4651040224918206,-3.9483810200157556,4.59511985013459,1.19809,0.0584300149011612,550.0,0.3089571,-0.0833899,0.0047,0.7
0.0,1.0,0.0,1.0,1.0,1.3,1.0,-2.441847160327553,-0.09101939838716855,2.2512327212665717,-0.19055536172105816,2.1705953685310937,-0.7257276053082432,-3.299668396953127,-0.35667494393873245,-2.4651040224918206,-3.9483810200157556,4.59511985013459,1.19809,0.05843,550.0,0.3089571149011612,-0.0833899,0.0047,0.7
0.0,1.0,0.0,1.0,1.0,1.3,1.0,-2.441847160327553,-0.09101939838716855,2.2512327212665717,-0.19055536172105816,2.1705953685310937,-0.7257276053082432,-3.299668396953127,-0.35667494393873245,-2.4651040224918206,-3.9483810200157556,4.59511985013459,1.19809,0.05843,550.0,0.3089571,-0.0833899149011612,0.0047,0.7
0.0,1.0,0.0,1.0,1.0,1.3,1.0,-2.441847160327553,-0.09101939838716855,2.2512327212665717,-0.19055536172105816,2.1705953685310937,-0.7257276053082432,-3.299668396953127,-0.35667494393873245,-2.4651040224918206,-3.9483810200157556,4.59511985013459,1.19809,0.05843,550.0,0.3089571,-0.0833899,0.004700014901161194,0.7
0.0,1.0,0.0,1.0,1.0,1.3,1.0,-2.441847160327553,-0.09101939838716855,2.2512327212665717,-0.19055536172105816,2.1705953685310937,-0.7257276053082432,-3.299668396953127,-0.35667494393873245,-2.4651040224918206,-3.9483810200157556,4.59511985013459,1.19809,0.05843,550.0,0.3089571,-0.0833899,0.0047,0.7000000149011611
0.0,1.0,0.0,1.0,1.0,1.2564507389163762,1.0,-7.477200002636047,-0.0005659996964118735,2.2512327212665717,-0.19055536172105816,2.1705953685310937,-0.12391981709211801,-3.0923126930468614,3.7795596338525934,-2.34020449485858,-3.961928690579898,4.59511985013459,1.188198013265519,0.06378534393135571,550.0,0.286862458450703,-0.02544177059438584,-0.019486863404460503,0.6623177609650523
0.0,1.0,0.0,1.0,1.0,1.2564507576389512,1.0,-7.477200002636047,-0.0005659996964118735,2.2512327212665717,-0.19055536172105816,2.1705953685310937,-0.12391981709211801,-3.0923126930468614,3.7795596338525934,-2.34020449485858,-3.961928690579898,4.59511985013459,1.188198013265519,0.06378534393135571,550.0,0.286862458450703,-0.02544177059438584,-0.019486863404460503,0.6623177609650523
0.0,1.0,0.0,1.0,1.0,1.2564507389163762,1.0,-7.47720011405501,-0.000565999633330944,2.2512327212665717,-0.19055536172105816,2.1705953685310937,-0.12391981709211801,-3.0923126930468614,3.7795596338525934,-2.34020449485858,-3.961928690579898,4.59511985013459,1.188198013265519,0.06378534393135571,550.0,0.286862458450703,-0.02544177059438584,-0.019486863404460503,0.6623177609650523
0.0,1.0,0.0,1.0,1.0,1.2564507389163762,1.0,-7.477200002636047,-0.0005659996964118735,2.2512327212665717,-0.19055536172105816,2.1705953685310937,-0.12391983199327912,-3.0923126930468614,3.7795596338525934,-2.34020449485858,-3.961928690579898,4.59511985013459,1.188198013265519,0.06378534393135571,550.0,0.286862458450703,-0.02544177059438584,-0.019486863404460503,0.6623177609650523
0.0,1.0,0.0,1.0,1.0,1.2564507389163762,1.0,-7.477200002636047,-0.0005659996964118735,2.2512327212665717,-0.19055536172105816,2.1705953685310937,-0.12391981709211801,-3.0923127391259118,3.7795596338525934,-2.34020449485858,-3.961928690579898,4.59511985013459,1.188198013265519,0.06378534393135571,550.0,0.286862458450703,-0.02544177059438584,-0.019486863404460503,0.6623177609650523
0.0,1.0,0.0,1.0,1.0,1.2564507389163762,1.0,-7.477200002636047,-0.0005659996964118735,2.2512327212665717,-0.19055536172105816,2.1705953685310937,-0.12391981709211801,-3.0923126930468614,3.779559690172421,-2.34020449485858,-3.961928690579898,4.59511985013459,1.188198013265519,0.06378534393135571,550.0,0.286862458450703,-0.02544177059438584,-0.019486863404460503,0.6623177609650523
0.0,1.0,0.0,1.0,1.0,1.2564507389163762,1.0,-7.477200002636047,-0.0005659996964118735,2.2512327212665717,-0.19055536172105816,2.1705953685310937,-0.12391981709211801,-3.0923126930468614,3.7795596338525934,-2.3402045297303444,-3.961928690579898,4.59511985013459,1.188198013265519,0.06378534393135571,550.0,0.286862458450703,-0.02544177059438584,-0.019486863404460503,0.6623177609650523
0.0,1.0,0.0,1.0,1.0,1.2564507389163762,1.0,-7.477200002636047,-0.0005659996964118735,2.2512327212665717,-0.19055536172105816,2.1705953685310937,-0.12391981709211801,-3.0923126930468614,3.7795596338525934,-2.34020449485858,-3.961928749617236,4.59511985013459,1.188198013265519,0.06378534393135571,550.0,0.286862458450703,-0.02544177059438584,-0.019486863404460503,0.6623177609650523
0.0,1.0,0.0,1.0,1.0,1.2564507389163762,1.0,-7.477200002636047,-0.0005659996964118735,2.2512327212665717,-0.19055536172105816,2.1705953685310937,-0.12391981709211801,-3.0923126930468614,3.7795596338525934,-2.34020449485858,-3.961928690579898,4.59511985013459,1.1881980309710491,0.06378534393135571,550.0,0.286862458450703,-0.02544177059438584,-0.019486863404460503,0.6623177609650523
0.0,1.0,0.0,1.0,1.0,1.2564507389163762,1.0,-7.477200002636047,-0.0005659996964118735,2.2512327212665717,-0.19055536172105816,2.1705953685310937,-0.12391981709211801,-3.0923126930468614,3.7795596338525934,-2.34020449485858,-3.961928690579898,4.59511985013459,1.188198013265519,0.0637853588325169,550.0,0.286862458450703,-0.02544177059438584,-0.019486863404460503,0.6623177609650523
0.0,1.0,0.0,1.0,1.0,1.2564507389163762,1.0,-7.477200002636047,-0.0005659996964118735,2.2512327212665717,-0.19055536172105816,2.1705953685310937,-0.12391981709211801,-3.0923126930468614,3.7795596338525934,-2.34020449485858,-3.961928690579898,4.59511985013459,1.188198013265519,0.06378534393135571,550.0,0.2868624733518642,-0.02544177059438584,-0.019486863404460503,0.6623177609650523
0.0,1.0,0.0,1.0,1.0,1.2564507389163762,1.0,-7.477200002636047,-0.0005659996964118735,2.2512327212665717,-0.19055536172105816,2.1705953685310937,-0.12391981709211801,-3.0923126930468614,3.7795596338525934,-2.34020449485858,-3.961928690579898,4.59511985013459,1.188198013265519,0.06378534393135571,550.0,0.286862458450703,-0.025441785495547035,-0.019486863404460503,0.6623177609650523
0.0,1.0,0.0,1.0,1.0,1.2564507389163762,1.0,-7.477200002636047,-0.0005659996964118735,2.2512327212665717,-0.19055536172105816,2.1705953685310937,-0.12391981709211801,-3.0923126930468614,3.7795596338525934,-2.34020449485858,-3.961928690579898,4.59511985013459,1.188198013265519,0.06378534393135571,550.0,0.286862458450703,-0.02544177059438584,-0.019486878305621697,0.6623177609650523
0.0,1.0,0.0,1.0,1.0,1.2564507389163762,1.0,-7.477200002636047,-0.0005659996964118735,2.2512327212665717,-0.19055536172105816,2.1705953685310937,-0.12391981709211801,-3.0923126930468614,3.7795596338525934,-2.34020449485858,-3.961928690579898,4.59511985013459,1.188198013265519,0.06378534393135571,550.0,0.286862458450703,-0.02544177059438584,-0.019486863404460503,0.6623177758662135
1.0,1.0,0.0,1.0,1.0,1.2607214844125822,1.0,-7.477200002636017,-0.0005659996964118735,2.2512327212665717,-0.19055536172105816,2.1705953685310937,-1.7983955080838339,-3.1469770589272144,10.110425498086261,-2.2868477865966863,-3.968943874611457,4.59511985013459,1.2020921955224297,0.06708504332345754,550.0,0.26135395110740134,-0.0460294148906718,0.0064275373997083225,0.6837024405333642
1.0,1.0,0.0,1.0,1.0,1.2607215031987964,1.0,-7.477200002636017,-0.0005659996964118735,2.2512327212665717,-0.19055536172105816,2.1705953685310937,-1.7983955080838339,-3.1469770589272144,10.110425498086261,-2.2868477865966863,-3.968943874611457,4.59511985013459,1.2020921955224297,0.06708504332345754,550.0,0.26135395110740134,-0.0460294148906718,0.0064275373997083225,0.6837024405333642
1.0,1.0,0.0,1.0,1.0,1.2607214844125822,1.0,-7.4772001140549795,-0.000565999633330944,2.2512327212665717,-0.19055536172105816,2.1705953685310937,-1.7983955080838339,-3.1469770589272144,10.110425498086261,-2.2868477865966863,-3.968943874611457,4.59511985013459,1.2020921955224297,0.06708504332345754,550.0,0.26135395110740134,-0.0460294148906718,0.0064275373997083225,0.6837024405333642
1.0,1.0,0.0,1.0,1.0,1.2607214844125822,1.0,-7.477200002636017,-0.0005659996964118735,2.2512327212665717,-0.19055536172105816,2.1705953685310937,-1.7983955348820153,-3.1469770589272144,10.110425498086261,-2.2868477865966863,-3.968943874611457,4.59511985013459,1.2020921955224297,0.06708504332345754,550.0,0.26135395110740134,-0.0460294148906718,0.0064275373997083225,0.6837024405333642
1.0,1.0,0.0,1.0,1.0,1.2607214844125822,1.0,-7.477200002636017,-0.0005659996964118735,2.2512327212665717,-0.19055536172105816,2.1705953685310937,-1.7983955080838339,-3.146977105820827,10.110425498086261,-2.2868477865966863,-3.968943874611457,4.59511985013459,1.2020921955224297,0.06708504332345754,550.0,0.26135395110740134,-0.0460294148906718,0.0064275373997083225,0.6837024405333642
1.0,1.0,0.0,1.0,1.0,1.2607214844125822,1.0,-7.477200002636017,-0.0005659996964118735,2.2512327212665717,-0.19055536172105816,2.1705953685310937,-1.7983955080838339,-3.1469770589272144,10.110425648743341,-2.2868477865966863,-3.968943874611457,4.59511985013459,1.2020921955224297,0.06708504332345754,550.0,0.26135395110740134,-0.0460294148906718,0.0064275373997083225,0.6837024405333642
1.0,1.0,0.0,1.0,1.0,1.2607214844125822,1.0,-7.477200002636017,-0.0005659996964118735,2.2512327212665717,-0.19055536172105816,2.1705953685310937,-1.7983955080838339,-3.1469770589272144,10.110425498086261,-2.286847820673374,-3.968943874611457,4.59511985013459,1.2020921955224297,0.06708504332345754,550.0,0.26135395110740134,-0.0460294148906718,0.0064275373997083225,0.6837024405333642
1.0,1.0,0.0,1.0,1.0,1.2607214844125822,1.0,-7.477200002636017,-0.0005659996964118735,2.2512327212665717,-0.19055536172105816,2.1705953685310937,-1.7983955080838339,-3.1469770589272144,10.110425498086261,-2.2868477865966863,-3.968943933753329,4.59511985013459,1.2020921955224297,0.06708504332345754,550.0,0.26135395110740134,-0.0460294148906718,0.0064275373997083225,0.6837024405333642
1.0,1.0,0.0,1.0,1.0,1.2607214844125822,1.0,-7.477200002636017,-0.0005659996964118735,2.2512327212665717,-0.19055536172105816,2.1705953685310937,-1.7983955080838339,-3.1469770589272144,10.110425498086261,-2.2868477865966863,-3.968943874611457,4.59511985013459,1.2020922134349994,0.06708504332345754,550.0,0.26135395110740134,-0.0460294148906718,0.0064275373997083225,0.6837024405333642
1.0,1.0,0.0,1.0,1.0,1.2607214844125822,1.0,-7.477200002636017,-0.0005659996964118735,2.2512327212665717,-0.19055536172105816,2.1705953685310937,-1.7983955080838339,-3.1469770589272144,10.110425498086261,-2.2868477865966863,-3.968943874611457,4.59511985013459,1.2020921955224297,0.06708505822461873,550.0,0.26135395110740134,-0.0460294148906718,0.0064275373997083225,0.6837024405333642
1.0,1.0,0.0,1.0,1.0,1.2607214844125822,1.0,-7.477200002636017,-0.0005659996964118735,2.2512327212665717,-0.19055536172105816,2.1705953685310937,-1.7983955080838339,-3.1469770589272144,10.110425498086261,-2.2868477865966863,-3.968943874611457,4.59511985013459,1.2020921955224297,0.06708504332345754,550.0,0.26135396600856253,-0.0460294148906718,0.0064275373997083225,0.6837024405333642
1.0,1.0,0.0,1.0,1.0,1.2607214844125822,1.0,-7.477200002636017,-0.0005659996964118735,2.2512327212665717,-0.19055536172105816,2.1705953685310937,-1.7983955080838339,-3.1469770589272144,10.110425498086261,-2.2868477865966863,-3.968943874611457,4.59511985013459,1.2020921955224297,0.06708504332345754,550.0,0.26135395110740134,-0.04602942979183299,0.0064275373997083225,0.6837024405333642
1.0,1.0,0.0,1.0,1.0,1.2607214844125822,1.0,-7.477200002636017,-0.0005659996964118735,2.2512327212665717,-0.19055536172105816,2.1705953685310937,-1.7983955080838339,-3.1469770589272144,10.110425498086261,-2.2868477865966863,-3.968943874611457,4.59511985013459,1.2020921955224297,0.06708504332345754,550.0,0.26135395110740134,-0.0460294148906718,0.006427552300869516,0.6837024405333642
1.0,1.0,0.0,1.0,1.0,1.2607214844125822,1.0,-7.477200002636017,-0.0005659996964118735,2.2512327212665717,-0.19055536172105816,2.1705953685310937,-1.7983955080838339,-3.1469770589272144,10.110425498086261,-2.2868477865966863,-3.968943874611457,4.59511985013459,1.2020921955224297,0.06708504332345754,550.0,0.26135395110740134,-0.0460294148906718,0.0064275373997083225,0.6837024554345253
2.0,1.0,0.0,1.0,1.0,1.259876570763308,1.0,-7.477200002509437,-0.0005659996964835234,2.2512327212665717,-0.19055536172105816,2.1705953685310937,-1.342306031434013,-3.1168545338979907,23.200781052956078,-2.2526919004463317,-3.9815207556539387,4.59511985013459,1.1977249476496394,0.06975918332972901,550.0,0.26787891771241495,-0.03722211417978425,-0.000685825361859114,0.6661135274318467
2.0,1.0,0.0,1.0,1.0,1.2598765895369317,1.0,-7.477200002509437,-0.0005659996964835234,2.2512327212665717,-0.19055536172105816,2.1705953685310937,-1.342306031434013,-3.1168545338979907,23.200781052956078,-2.2526919004463317,-3.9815207556539387,4.59511985013459,1.1977249476496394,0.06975918332972901,550.0,0.26787891771241495,-0.03722211417978425,-0.000685825361859114,0.6661135274318467
2.0,1.0,0.0,1.0,1.0,1.259876570763308,1.0,-7.4772001139284,-0.0005659996334025939,2.2512327212665717,-0.19055536172105816,2.1705953685310937,-1.342306031434013,-3.1168545338979907,23.200781052956078,-2.2526919004463317,-3.9815207556539387,4.59511985013459,1.1977249476496394,0.06975918332972901,550.0,0.26787891771241495,-0.03722211417978425,-0.000685825361859114,0.6661135274318467
2.0,1.0,0.0,1.0,1.0,1.259876570763308,1.0,-7.477200002509437,-0.0005659996964835234,2.2512327212665717,-0.19055536172105816,2.1705953685310937,-1.3423060514359317,-3.1168545338979907,23.200781052956078,-2.2526919004463317,-3.9815207556539387,4.59511985013459,1.1977249476496394,0.06975918332972901,550.0,0.26787891771241495,-0.03722211417978425,-0.000685825361859114,0.6661135274318467
2.0,1.0,0.0,1.0,1.0,1.259876570763308,1.0,-7.477200002509437,-0.0005659996964835234,2.2512327212665717,-0.19055536172105816,2.1705953685310937,-1.342306031434013,-3.1168545803427428,23.200781052956078,-2.2526919004463317,-3.9815207556539387,4.59511985013459,1.1977249476496394,0.06975918332972901,550.0,0.26787891771241495,-0.03722211417978425,-0.000685825361859114,0.6661135274318467
2.0,1.0,0.0,1.0,1.0,1.259876570763308,1.0,-7.477200002509437,-0.0005659996964835234,2.2512327212665717,-0.19055536172105816,2.1705953685310937,-1.342306031434013,-3.1168545338979907,23.200781398674657,-2.2526919004463317,-3.9815207556539387,4.59511985013459,1.1977249476496394,0.06975918332972901,550.0,0.26787891771241495,-0.03722211417978425,-0.000685825361859114,0.6661135274318467
2.0,1.0,0.0,1.0,1.0,1.259876570763308,1.0,-7.477200002509437,-0.0005659996964835234,2.2512327212665717,-0.19055536172105816,2.1705953685310937,-1.342306031434013,-3.1168545338979907,23.200781052956078,-2.2526919340140568,-3.9815207556539387,4.59511985013459,1.1977249476496394,0.06975918332972901,550.0,0.26787891771241495,-0.03722211417978425,-0.000685825361859114,0.6661135274318467
2.0,1.0,0.0,1.0,1.0,1.259876570763308,1.0,-7.477200002509437,-0.0005659996964835234,2.2512327212665717,-0.19055536172105816,2.1705953685310937,-1.342306031434013,-3.1168545338979907,23.200781052956078,-2.2526919004463317,-3.981520814983221,4.59511985013459,1.1977249476496394,0.06975918332972901,550.0,0.26787891771241495,-0.03722211417978425,-0.000685825361859114,0.6661135274318467
2.0,1.0,0.0,1.0,1.0,1.259876570763308,1.0,-7.477200002509437,-0.0005659996964835234,2.2512327212665717,-0.19055536172105816,2.1705953685310937,-1.342306031434013,-3.1168545338979907,23.200781052956078,-2.2526919004463317,-3.9815207556539387,4.59511985013459,1.197724965497132,0.06975918332972901,550.0,0.26787891771241495,-0.03722211417978425,-0.000685825361859114,0.6661135274318467
2.0,1.0,0.0,1.0,1.0,1.259876570763308,1.0,-7.477200002509437,-0.0005659996964835234,2.2512327212665717,-0.19055536172105816,2.1705953685310937,-1.342306031434013,-3.1168545338979907,23.200781052956078,-2.2526919004463317,-3.9815207556539387,4.59511985013459,1.1977249476496394,0.0697591982308902,550.0,0.26787891771241495,-0.03722211417978425,-0.000685825361859114,0.6661135274318467
2.0,1.0,0.0,1.0,1.0,1.259876570763308,1.0,-7.477200002509437,-0.0005659996964835234,2.2512327212665717,-0.19055536172105816,2.1705953685310937,-1.342306031434013,-3.1168545338979907,23.200781052956078,-2.2526919004463317,-3.9815207556539387,4.59511985013459,1.1977249476496394,0.06975918332972901,550.0,0.26787893261357615,-0.03722211417978425,-0.000685825361859114,0.6661135274318467
2.0,1.0,0.0,1.0,1.0,1.259876570763308,1.0,-7.477200002509437,-0.0005659996964835234,2.2512327212665717,-0.19055536172105816,2.1705953685310937,-1.342306031434013,-3.1168545338979907,23.200781052956078,-2.2526919004463317,-3.9815207556539387,4.59511985013459,1.1977249476496394,0.06975918332972901,550.0,0.26787891771241495,-0.037222129080945444,-0.000685825361859114,0.6661135274318467
2.0,1.0,0.0,1.0,1.0,1.259876570763308,1.0,-7.477200002509437,-0.0005659996964835234,2.2512327212665717,-0.19055536172105816,2.1705953685310937,-1.342306031434013,-3.1168545338979907,23.200781052956078,-2.2526919004463317,-3.9815207556539387,4.59511985013459,1.1977249476496394,0.06975918332972901,550.0,0.26787891771241495,-0.03722211417978425,-0.0006858402630203079,0.6661135274318467
2.0,1.0,0.0,1.0,1.0,1.259876570763308,1.0,-7.477200002509437,-0.0005659996964835234,2.2512327212665717,-0.19055536172105816,2.1705953685310937,-1.342306031434013,-3.1168545338979907,23.200781052956078,-2.2526919004463317,-3.9815207556539387,4.59511985013459,1.1977249476496394,0.06975918332972901,550.0,0.26787891771241495,-0.03722211417978425,-0.000685825361859114,0.6661135423330079
3.0,1.0,0.0,1.0,1.0,1.2599634249829528,1.0,-7.477199237830822,-0.0005660001294141578,2.2512327212665717,-0.19055536172105816,2.1705953685310937,-1.4426241518871024,-3.1089555605667076,10.102774445351203,-2.2444659376799265,-3.982708785495385,4.59511985013459,1.199847494556403,0.07046110280964792,550.0,0.260537177484562,-0.040144282137640055,0.005734809917631177,0.6753017750765649
3.0,1.0,0.0,1.0,1.0,1.2599634437578708,1.0,-7.477199237830822,-0.0005660001294141578,2.2512327212665717,-0.19055536172105816,2.1705953685310937,-1.4426241518871024,-3.1089555605667076,10.102774445351203,-2.2444659376799265,-3.982708785495385,4.59511985013459,1.199847494556403,0.07046110280964792,550.0,0.260537177484562,-0.040144282137640055,0.005734809917631177,0.6753017750765649
3.0,1.0,0.0,1.0,1.0,1.2599634249829528,1.0,-7.477199349249774,-0.0005660000663331173,2.2512327212665717,-0.19055536172105816,2.1705953685310937,-1.4426241518871024,-3.1089555605667076,10.102774445351203,-2.2444659376799265,-3.982708785495385,4.59511985013459,1.199847494556403,0.07046110280964792,550.0,0.260537177484562,-0.040144282137640055,0.005734809917631177,0.6753017750765649
3.0,1.0,0.0,1.0,1.0,1.2599634249829528,1.0,-7.477199237830822,-0.0005660001294141578,2.2512327212665717,-0.19055536172105816,2.1705953685310937,-1.4426241733838774,-3.1089555605667076,10.102774445351203,-2.2444659376799265,-3.982708785495385,4.59511985013459,1.199847494556403,0.07046110280964792,550.0,0.260537177484562,-0.040144282137640055,0.005734809917631177,0.6753017750765649
3.0,1.0,0.0,1.0,1.0,1.2599634249829528,1.0,-7.477199237830822,-0.0005660001294141578,2.2512327212665717,-0.19055536172105816,2.1705953685310937,-1.4426241518871024,-3.1089556068937556,10.102774445351203,-2.2444659376799265,-3.982708785495385,4.59511985013459,1.199847494556403,0.07046110280964792,550.0,0.260537177484562,-0.040144282137640055,0.005734809917631177,0.6753017750765649
3.0,1.0,0.0,1.0,1.0,1.2599634249829528,1.0,-7.477199237830822,-0.0005660001294141578,2.2512327212665717,-0.19055536172105816,2.1705953685310937,-1.4426241518871024,-3.1089555605667076,10.102774595894275,-2.2444659376799265,-3.982708785495385,4.59511985013459,1.199847494556403,0.07046110280964792,550.0,0.260537177484562,-0.040144282137640055,0.005734809917631177,0.6753017750765649
3.0,1.0,0.0,1.0,1.0,1.2599634249829528,1.0,-7.477199237830822,-0.0005660001294141578,2.2512327212665717,-0.19055536172105816,2.1705953685310937,-1.4426241518871024,-3.1089555605667076,10.102774445351203,-2.2444659711250754,-3.982708785495385,4.59511985013459,1.199847494556403,0.07046110280964792,550.0,0.260537177484562,-0.040144282137640055,0.005734809917631177,0.6753017750765649
3.0,1.0,0.0,1.0,1.0,1.2599634249829528,1.0,-7.477199237830822,-0.0005660001294141578,2.2512327212665717,-0.19055536172105816,2.1705953685310937,-1.4426241518871024,-3.1089555605667076,10.102774445351203,-2.2444659376799265,-3.9827088448423704,4.59511985013459,1.199847494556403,0.07046110280964792,550.0,0.260537177484562,-0.040144282137640055,0.005734809917631177,0.6753017750765649
3.0,1.0,0.0,1.0,1.0,1.2599634249829528,1.0,-7.477199237830822,-0.0005660001294141578,2.2512327212665717,-0.19055536172105816,2.1705953685310937,-1.4426241518871024,-3.1089555605667076,10.102774445351203,-2.2444659376799265,-3.982708785495385,4.59511985013459,1.199847512435524,0.07046110280964792,550.0,0.260537177484562,-0.040144282137640055,0.005734809917631177,0.6753017750765649
3.0,1.0,0.0,1.0,1.0,1.2599634249829528,1.0,-7.477199237830822,-0.0005660001294141578,2.2512327212665717,-0.19055536172105816,2.1705953685310937,-1.4426241518871024,-3.1089555605667076,10.102774445351203,-2.2444659376799265,-3.982708785495385,4.59511985013459,1.199847494556403,0.07046111771080911,550.0,0.260537177484562,-0.040144282137640055,0.005734809917631177,0.6753017750765649
3.0,1.0,0.0,1.0,1.0,1.2599634249829528,1.0,-7.477199237830822,-0.0005660001294141578,2.2512327212665717,-0.19055536172105816,2.1705953685310937,-1.4426241518871024,-3.1089555605667076,10.102774445351203,-2.2444659376799265,-3.982708785495385,4.59511985013459,1.199847494556403,0.07046110280964792,550.0,0.2605371923857232,-0.040144282137640055,0.005734809917631177,0.6753017750765649
3.0,1.0,0.0,1.0,1.0,1.2599634249829528,1.0,-7.477199237830822,-0.0005660001294141578,2.2512327212665717,-0.19055536172105816,2.1705953685310937,-1.4426241518871024,-3.1089555605667076,10.102774445351203,-2.2444659376799265,-3.982708785495385,4.59511985013459,1.199847494556403,0.07046110280964792,550.0,0.260537177484562,-0.04014429703880125,0.005734809917631177,0.6753017750765649
3.0,1.0,0.0,1.0,1.0,1.2599634249829528,1.0,-7.477199237830822,-0.0005660001294141578,2.2512327212665717,-0.19055536172105816,2.1705953685310937,-1.4426241518871024,-3.1089555605667076,10.102774445351203,-2.2444659376799265,-3.982708785495385,4.59511985013459,1.199847494556403,0.07046110280964792,550.0,0.260537177484562,-0.040144282137640055,0.005734824818792371,0.6753017750765649
3.0,1.0,0.0,1.0,1.0,1.2599634249829528,1.0,-7.477199237830822,-0.0005660001294141578,2.2512327212665717,-0.19055536172105816,2.1705953685310937,-1.4426241518871024,-3.1089555605667076,10.102774445351203,-2.2444659376799265,-3.982708785495385,4.59511985013459,1.199847494556403,0.07046110280964792,550.0,0.260537177484562,-0.040144282137640055,0.005734809917631177,0.675301789977726
4.0,1.0,0.0,1.0,1.0,1.25992038991696,1.0,-7.477199237732863,-0.0005660001294695892,2.2512327212665717,-0.19055536172105816,2.1705953685310937,-1.3959564695854325,-3.107409188535801,23.201089220279094,-2.241950598885816,-3.983507737694149,4.59511985013459,1.2006178611221592,0.0708963162923909,550.0,0.26807650715849635,-0.04092403649539877,0.00210385055448165,0.6677656202241724
4.0,1.0,0.0,1.0,1.0,1.2599204086912368,1.0,-7.477199237732863,-0.0005660001294695892,2.2512327212665717,-0.19055536172105816,2.1705953685310937,-1.3959564695854325,-3.107409188535801,23.201089220279094,-2.241950598885816,-3.983507737694149,4.59511985013459,1.2006178611221592,0.0708963162923909,550.0,0.26807650715849635,-0.04092403649539877,0.00210385055448165,0.6677656202241724
4.0,1.0,0.0,1.0,1.0,1.25992038991696,1.0,-7.477199349151815,-0.0005660000663885488,2.2512327212665717,-0.19055536172105816,2.1705953685310937,-1.3959564695854325,-3.107409188535801,23.201089220279094,-2.241950598885816,-3.983507737694149,4.59511985013459,1.2006178611221592,0.0708963162923909,550.0,0.26807650715849635,-0.04092403649539877,0.00210385055448165,0.6677656202241724
4.0,1.0,0.0,1.0,1.0,1.25992038991696,1.0,-7.477199237732863,-0.0005660001294695892,2.2512327212665717,-0.19055536172105816,2.1705953685310937,-1.3959564903868051,-3.107409188535801,23.201089220279094,-2.241950598885816,-3.983507737694149,4.59511985013459,1.2006178611221592,0.0708963162923909,550.0,0.26807650715849635,-0.04092403649539877,0.00210385055448165,0.6677656202241724
4.0,1.0,0.0,1.0,1.0,1.25992038991696,1.0,-7.477199237732863,-0.0005660001294695892,2.2512327212665717,-0.19055536172105816,2.1705953685310937,-1.3959564695854325,-3.107409234839806,23.201089220279094,-2.241950598885816,-3.983507737694149,4.59511985013459,1.2006178611221592,0.0708963162923909,550.0,0.26807650715849635,-0.04092403649539877,0.00210385055448165,0.6677656202241724
4.0,1.0,0.0,1.0,1.0,1.25992038991696,1.0,-7.477199237732863,-0.0005660001294695892,2.2512327212665717,-0.19055536172105816,2.1705953685310937,-1.3959564695854325,-3.107409188535801,23.201089566002263,-2.241950598885816,-3.983507737694149,4.59511985013459,1.2006178611221592,0.0708963162923909,550.0,0.26807650715849635,-0.04092403649539877,0.00210385055448165,0.6677656202241724
4.0,1.0,0.0,1.0,1.0,1.25992038991696,1.0,-7.477199237732863,-0.0005660001294695892,2.2512327212665717,-0.19055536172105816,2.1705953685310937,-1.3959564695854325,-3.107409188535801,23.201089220279094,-2.2419506322934835,-3.983507737694149,4.59511985013459,1.2006178611221592,0.0708963162923909,550.0,0.26807650715849635,-0.04092403649539877,0.00210385055448165,0.6677656202241724
4.0,1.0,0.0,1.0,1.0,1.25992038991696,1.0,-7.477199237732863,-0.0005660001294695892,2.2512327212665717,-0.19055536172105816,2.1705953685310937,-1.3959564695854325,-3.107409188535801,23.201089220279094,-2.241950598885816,-3.98350779705304,4.59511985013459,1.2006178611221592,0.0708963162923909,550.0,0.26807650715849635,-0.04092403649539877,0.00210385055448165,0.6677656202241724
4.0,1.0,0.0,1.0,1.0,1.25992038991696,1.0,-7.477199237732863,-0.0005660001294695892,2.2512327212665717,-0.19055536172105816,2.1705953685310937,-1.3959564695854325,-3.107409188535801,23.201089220279094,-2.241950598885816,-3.983507737694149,4.59511985013459,1.2006178790127595,0.0708963162923909,550.0,0.26807650715849635,-0.04092403649539877,0.00210385055448165,0.6677656202241724
4.0,1.0,0.0,1.0,1.0,1.25992038991696,1.0,-7.477199237732863,-0.0005660001294695892,2.2512327212665717,-0.19055536172105816,2.1705953685310937,-1.3959564695854325,-3.107409188535801,23.201089220279094,-2.241950598885816,-3.983507737694149,4.59511985013459,1.2006178611221592,0.0708963311935521,550.0,0.26807650715849635,-0.04092403649539877,0.00210385055448165,0.6677656202241724
4.0,1.0,0.0,1.0,1.0,1.25992038991696,1.0,-7.477199237732863,-0.0005660001294695892,2.2512327212665717,-0.19055536172105816,2.1705953685310937,-1.3959564695854325,-3.107409188535801,23.201089220279094,-2.241950598885816,-3.983507737694149,4.59511985013459,1.2006178611221592,0.0708963162923909,550.0,0.26807652205965754,-0.04092403649539877,0.00210385055448165,0.6677656202241724
4.0,1.0,0.0,1.0,1.0,1.25992038991696,1.0,-7.477199237732863,-0.0005660001294695892,2.2512327212665717,-0.19055536172105816,2.1705953685310937,-1.3959564695854325,-3.107409188535801,23.201089220279094,-2.241950598885816,-3.983507737694149,4.59511985013459,1.2006178611221592,0.0708963162923909,550.0,0.26807650715849635,-0.04092405139655996,0.00210385055448165,0.6677656202241724
4.0,1.0,0.0,1.0,1.0,1.25992038991696,1.0,-7.477199237732863,-0.0005660001294695892,2.2512327212665717,-0.19055536172105816,2.1705953685310937,-1.3959564695854325,-3.107409188535801,23.201089220279094,-2.241950598885816,-3.983507737694149,4.59511985013459,1.2006178611221592,0.0708963162923909,550.0,0.26807650715849635,-0.04092403649539877,0.0021038654556428437,0.6677656202241724
4.0,1.0,0.0,1.0,1.0,1.25992038991696,1.0,-7.477199237732863,-0.0005660001294695892,2.2512327212665717,-0.19055536172105816,2.1705953685310937,-1.3959564695854325,-3.107409188535801,23.201089220279094,-2.241950598885816,-3.983507737694149,4.59511985013459,1.2006178611221592,0.0708963162923909,550.0,0.26807650715849635,-0.04092403649539877,0.00210385055448165,0.6677656351253336
5.0,1.0,0.0,1.0,1.0,1.2600667842241777,1.0,-7.47719963104524,-0.0005659999067917234,2.2512327212665717,-0.19055536172105816,2.1705953685310937,-1.4230610348521102,-3.1077956386173238,36.2994626544049,-2.2420925471427497,-3.98334720419723,4.59511985013459,1.20022806355151,0.07118332103736968,550.0,0.2645100092645972,-0.03758090937826726,0.0028350742949281253,0.6721502004316339
5.0,1.0,0.0,1.0,1.0,1.260066803000636,1.0,-7.47719963104524,-0.0005659999067917234,2.2512327212665717,-0.19055536172105816,2.1705953685310937,-1.4230610348521102,-3.1077956386173238,36.2994626544049,-2.2420925471427497,-3.98334720419723,4.59511985013459,1.20022806355151,0.07118332103736968,550.0,0.2645100092645972,-0.03758090937826726,0.0028350742949281253,0.6721502004316339
5.0,1.0,0.0,1.0,1.0,1.2600667842241777,1.0,-7.4771997424641965,-0.000565999843710794,2.2512327212665717,-0.19055536172105816,2.1705953685310937,-1.4230610348521102,-3.1077956386173238,36.2994626544049,-2.2420925471427497,-3.98334720419723,4.59511985013459,1.20022806355151,0.07118332103736968,550.0,0.2645100092645972,-0.03758090937826726,0.0028350742949281253,0.6721502004316339
5.0,1.0,0.0,1.0,1.0,1.2600667842241777,1.0,-7.47719963104524,-0.0005659999067917234,2.2512327212665717,-0.19055536172105816,2.1705953685310937,-1.423061056057372,-3.1077956386173238,36.2994626544049,-2.2420925471427497,-3.98334720419723,4.59511985013459,1.20022806355151,0.07118332103736968,550.0,0.2645100092645972,-0.03758090937826726,0.0028350742949281253,0.6721502004316339
5.0,1.0,0.0,1.0,1.0,1.2600667842241777,1.0,-7.47719963104524,-0.0005659999067917234,2.2512327212665717,-0.19055536172105816,2.1705953685310937,-1.4230610348521102,-3.1077956849270874,36.2994626544049,-2.2420925471427497,-3.98334720419723,4.59511985013459,1.20022806355151,0.07118332103736968,550.0,0.2645100092645972,-0.03758090937826726,0.0028350742949281253,0.6721502004316339
5.0,1.0,0.0,1.0,1.0,1.2600667842241777,1.0,-7.47719963104524,-0.0005659999067917234,2.2512327212665717,-0.19055536172105816,2.1705953685310937,-1.4230610348521102,-3.1077956386173238,36.299463195309045,-2.2420925471427497,-3.98334720419723,4.59511985013459,1.20022806355151,0.07118332103736968,550.0,0.2645100092645972,-0.03758090937826726,0.0028350742949281253,0.6721502004316339
5.0,1.0,0.0,1.0,1.0,1.2600667842241777,1.0,-7.47719963104524,-0.0005659999067917234,2.2512327212665717,-0.19055536172105816,2.1705953685310937,-1.4230610348521102,-3.1077956386173238,36.2994626544049,-2.2420925805525322,-3.98334720419723,4.59511985013459,1.20022806355151,0.07118332103736968,550.0,0.2645100092645972,-0.03758090937826726,0.0028350742949281253,0.6721502004316339
5.0,1.0,0.0,1.0,1.0,1.2600667842241777,1.0,-7.47719963104524,-0.0005659999067917234,2.2512327212665717,-0.19055536172105816,2.1705953685310937,-1.4230610348521102,-3.1077956386173238,36.2994626544049,-2.2420925471427497,-3.983347263553729,4.59511985013459,1.20022806355151,0.07118332103736968,550.0,0.2645100092645972,-0.03758090937826726,0.0028350742949281253,0.6721502004316339
5.0,1.0,0.0,1.0,1.0,1.2600667842241777,1.0,-7.47719963104524,-0.0005659999067917234,2.2512327212665717,-0.19055536172105816,2.1705953685310937,-1.4230610348521102,-3.1077956386173238,36.2994626544049,-2.2420925471427497,-3.98334720419723,4.59511985013459,1.2002280814363018,0.07118332103736968,550.0,0.2645100092645972,-0.03758090937826726,0.0028350742949281253,0.6721502004316339
5.0,1.0,0.0,1.0,1.0,1.2600667842241777,1.0,-7.47719963104524,-0.0005659999067917234,2.2512327212665717,-0.19055536172105816,2.1705953685310937,-1.4230610348521102,-3.1077956386173238,36.2994626544049,-2.2420925471427497,-3.98334720419723,4.59511985013459,1.20022806355151,0.07118333593853088,550.0,0.2645100092645972,-0.03758090937826726,0.0028350742949281253,0.6721502004316339
5.0,1.0,0.0,1.0,1.0,1.2600667842241777,1.0,-7.47719963104524,-0.0005659999067917234,2.2512327212665717,-0.19055536172105816,2.1705953685310937,-1.4230610348521102,-3.1077956386173238,36.2994626544049,-2.2420925471427497,-3.98334720419723,4.59511985013459,1.20022806355151,0.07118332103736968,550.0,0.2645100241657584,-0.03758090937826726,0.0028350742949281253,0.6721502004316339
5.0,1.0,0.0,1.0,1.0,1.2600667842241777,1.0,-7.47719963104524,-0.0005659999067917234,2.2512327212665717,-0.19055536172105816,2.1705953685310937,-1.4230610348521102,-3.1077956386173238,36.2994626544049,-2.2420925471427497,-3.98334720419723,4.59511985013459,1.20022806355151,0.07118332103736968,550.0,0.2645100092645972,-0.037580924279428454,0.0028350742949281253,0.6721502004316339
5.0,1.0,0.0,1.0,1.0,1.2600667842241777,1.0,-7.47719963104524,-0.0005659999067917234,2.2512327212665717,-0.19055536172105816,2.1705953685310937,-1.4230610348521102,-3.1077956386173238,36.2994626544049,-2.2420925471427497,-3.98334720419723,4.59511985013459,1.20022806355151,0.07118332103736968,550.0,0.2645100092645972,-0.03758090937826726,0.002835089196089319,0.6721502004316339
5.0,1.0,0.0,1.0,1.0,1.2600667842241777,1.0,-7.47719963104524,-0.0005659999067917234,2.2512327212665717,-0.19055536172105816,2.1705953685310937,-1.4230610348521102,-3.1077956386173238,36.2994626544049,-2.2420925471427497,-3.98334720419723,4.59511985013459,1.20022806355151,0.07118332103736968,550.0,0.2645100092645972,-0.03758090937826726,0.0028350742949281253,0.6721502153327951
6.0,1.0,0.0,1.0,1.0,1.2601298238851608,1.0,5.285017728002547,,2.2512327212665717,-0.19055536172105816,2.1705953685310937,-1.4085661966554777,-3.1075443492797152,33.350953357899634,-2.2420772531449664,-3.983450571287528,4.59511985013459,1.2007942259285374,0.07138091977760444,550.0,0.2686731419685493,-0.035385495975921236,-0.0008879561351390901,0.6676957272293093
6.0,1.0,0.0,1.0,1.0,1.2601298426625585,1.0,5.285017728002547,,2.2512327212665717,-0.19055536172105816,2.1705953685310937,-1.4085661966554777,-3.1075443492797152,33.350953357899634,-2.2420772531449664,-3.983450571287528,4.59511985013459,1.2007942259285374,0.07138091977760444,550.0,0.2686731419685493,-0.035385495975921236,-0.0008879561351390901,0.6676957272293093
6.0,1.0,0.0,1.0,1.0,1.2601298238851608,1.0,5.285017806755448,,2.2512327212665717,-0.19055536172105816,2.1705953685310937,-1.4085661966554777,-3.1075443492797152,33.350953357899634,-2.2420772531449664,-3.983450571287528,4.59511985013459,1.2007942259285374,0.07138091977760444,550.0,0.2686731419685493,-0.035385495975921236,-0.0008879561351390901,0.6676957272293093
6.0,1.0,0.0,1.0,1.0,1.2601298238851608,1.0,5.285017728002547,,2.2512327212665717,-0.19055536172105816,2.1705953685310937,-1.4085662176447495,-3.1075443492797152,33.350953357899634,-2.2420772531449664,-3.983450571287528,4.59511985013459,1.2007942259285374,0.07138091977760444,550.0,0.2686731419685493,-0.035385495975921236,-0.0008879561351390901,0.6676957272293093
6.0,1.0,0.0,1.0,1.0,1.2601298238851608,1.0,5.285017728002547,,2.2512327212665717,-0.19055536172105816,2.1705953685310937,-1.4085661966554777,-3.1075443955857347,33.350953357899634,-2.2420772531449664,-3.983450571287528,4.59511985013459,1.2007942259285374,0.07138091977760444,550.0,0.2686731419685493,-0.035385495975921236,-0.0008879561351390901,0.6676957272293093
6.0,1.0,0.0,1.0,1.0,1.2601298238851608,1.0,5.285017728002547,,2.2512327212665717,-0.19055536172105816,2.1705953685310937,-1.4085661966554777,-3.1075443492797152,33.35095385486757,-2.2420772531449664,-3.983450571287528,4.59511985013459,1.2007942259285374,0.07138091977760444,550.0,0.2686731419685493,-0.035385495975921236,-0.0008879561351390901,0.6676957272293093
6.0,1.0,0.0,1.0,1.0,1.2601298238851608,1.0,5.285017728002547,,2.2512327212665717,-0.19055536172105816,2.1705953685310937,-1.4085661966554777,-3.1075443492797152,33.350953357899634,-2.242077286554521,-3.983450571287528,4.59511985013459,1.2007942259285374,0.07138091977760444,550.0,0.2686731419685493,-0.035385495975921236,-0.0008879561351390901,0.6676957272293093
6.0,1.0,0.0,1.0,1.0,1.2601298238851608,1.0,5.285017728002547,,2.2512327212665717,-0.19055536172105816,2.1705953685310937,-1.4085661966554777,-3.1075443492797152,33.350953357899634,-2.2420772531449664,-3.983450630645567,4.59511985013459,1.2007942259285374,0.07138091977760444,550.0,0.2686731419685493,-0.035385495975921236,-0.0008879561351390901,0.6676957272293093
6.0,1.0,0.0,1.0,1.0,1.2601298238851608,1.0,5.285017728002547,,2.2512327212665717,-0.19055536172105816,2.1705953685310937,-1.4085661966554777,-3.1075443492797152,33.350953357899634,-2.2420772531449664,-3.983450571287528,4.59511985013459,1.2007942438217656,0.07138091977760444,550.0,0.2686731419685493,-0.035385495975921236,-0.0008879561351390901,0.6676957272293093
6.0,1.0,0.0,1.0,1.0,1.2601298238851608,1.0,5.285017728002547,,2.2512327212665717,-0.19055536172105816,2.1705953685310937,-1.4085661966554777,-3.1075443492797152,33.350953357899634,-2.2420772531449664,-3.983450571287528,4.59511985013459,1.2007942259285374,0.07138093467876563,550.0,0.2686731419685493,-0.035385495975921236,-0.0008879561351390901,0.6676957272293093
6.0,1.0,0.0,1.0,1.0,1.2601298238851608,1.0,5.285017728002547,,2.2512327212665717,-0.19055536172105816,2.1705953685310937,-1.4085661966554777,-3.1075443492797152,33.350953357899634,-2.2420772531449664,-3.983450571287528,4.59511985013459,1.2007942259285374,0.07138091977760444,550.0,0.2686731568697105,-0.035385495975921236,-0.0008879561351390901,0.6676957272293093
6.0,1.0,0.0,1.0,1.0,1.2601298238851608,1.0,5.285017728002547,,2.2512327212665717,-0.19055536172105816,2.1705953685310937,-1.4085661966554777,-3.1075443492797152,33.350953357899634,-2.2420772531449664,-3.983450571287528,4.59511985013459,1.2007942259285374,0.07138091977760444,550.0,0.2686731419685493,-0.03538551087708243,-0.0008879561351390901,0.6676957272293093
6.0,1.0,0.0,1.0,1.0,1.2601298238851608,1.0,5.285017728002547,,2.2512327212665717,-0.19055536172105816,2.1705953685310937,-1.4085661966554777,-3.1075443492797152,33.350953357899634,-2.2420772531449664,-3.983450571287528,4.59511985013459,1.2007942259285374,0.07138091977760444,550.0,0.2686731419685493,-0.035385495975921236,-0.0008879710363002839,0.6676957272293093
6.0,1.0,0.0,1.0,1.0,1.2601298238851608,1.0,5.285017728002547,,2.2512327212665717,-0.19055536172105816,2.1705953685310937,-1.4085661966554777,-3.1075443492797152,33.350953357899634,-2.2420772531449664,-3.983450571287528,4.59511985013459,1.2007942259285374,0.07138091977760444,550.0,0.2686731419685493,-0.035385495975921236,-0.0008879561351390901,0.6676957421304704
7.0,1.0,0.0,1.0,1.0,1.2602723116846168,1.0,5.285017935462876,,2.2512327212665717,-0.19055536172105816,2.1705953685310937,-1.424672378265649,-3.108070171790122,20.252560923877937,-2.242651282377373,-3.9832633801675503,4.59511985013459,1.2005734878844998,0.0715773115798714,550.0,0.2663947285918954,-0.03242484697013791,-0.0008961871690499312,0.6703251530527958
7.0,1.0,0.0,1.0,1.0,1.2602723304641377,1.0,5.285017935462876,,2.2512327212665717,-0.19055536172105816,2.1705953685310937,-1.424672378265649,-3.108070171790122,20.252560923877937,-2.242651282377373,-3.9832633801675503,4.59511985013459,1.2005734878844998,0.0715773115798714,550.0,0.2663947285918954,-0.03242484697013791,-0.0008961871690499312,0.6703251530527958
7.0,1.0,0.0,1.0,1.0,1.2602723116846168,1.0,5.28501801421578,,2.2512327212665717,-0.19055536172105816,2.1705953685310937,-1.424672378265649,-3.108070171790122,20.252560923877937,-2.242651282377373,-3.9832633801675503,4.59511985013459,1.2005734878844998,0.0715773115798714,550.0,0.2663947285918954,-0.03242484697013791,-0.0008961871690499312,0.6703251530527958
7.0,1.0,0.0,1.0,1.0,1.2602723116846168,1.0,5.285017935462876,,2.2512327212665717,-0.19055536172105816,2.1705953685310937,-1.4246723994949217,-3.108070171790122,20.252560923877937,-2.242651282377373,-3.9832633801675503,4.59511985013459,1.2005734878844998,0.0715773115798714,550.0,0.2663947285918954,-0.03242484697013791,-0.0008961871690499312,0.6703251530527958
7.0,1.0,0.0,1.0,1.0,1.2602723116846168,1.0,5.285017935462876,,2.2512327212665717,-0.19055536172105816,2.1705953685310937,-1.424672378265649,-3.1080702181039763,20.252560923877937,-2.242651282377373,-3.9832633801675503,4.59511985013459,1.2005734878844998,0.0715773115798714,550.0,0.2663947285918954,-0.03242484697013791,-0.0008961871690499312,0.6703251530527958
7.0,1.0,0.0,1.0,1.0,1.2602723116846168,1.0,5.285017935462876,,2.2512327212665717,-0.19055536172105816,2.1705953685310937,-1.424672378265649,-3.108070171790122,20.25256122566461,-2.242651282377373,-3.9832633801675503,4.59511985013459,1.2005734878844998,0.0715773115798714,550.0,0.2663947285918954,-0.03242484697013791,-0.0008961871690499312,0.6703251530527958
7.0,1.0,0.0,1.0,1.0,1.2602723116846168,1.0,5.285017935462876,,2.2512327212665717,-0.19055536172105816,2.1705953685310937,-1.424672378265649,-3.108070171790122,20.252560923877937,-2.2426513157954813,-3.9832633801675503,4.59511985013459,1.2005734878844998,0.0715773115798714,550.0,0.2663947285918954,-0.03242484697013791,-0.0008961871690499312,0.6703251530527958
7.0,1.0,0.0,1.0,1.0,1.2602723116846168,1.0,5.285017935462876,,2.2512327212665717,-0.19055536172105816,2.1705953685310937,-1.424672378265649,-3.108070171790122,20.252560923877937,-2.242651282377373,-3.9832634395228,4.59511985013459,1.2005734878844998,0.0715773115798714,550.0,0.2663947285918954,-0.03242484697013791,-0.0008961871690499312,0.6703251530527958
7.0,1.0,0.0,1.0,1.0,1.2602723116846168,1.0,5.285017935462876,,2.2512327212665717,-0.19055536172105816,2.1705953685310937,-1.424672378265649,-3.108070171790122,20.252560923877937,-2.242651282377373,-3.9832633801675503,4.59511985013459,1.2005735057744389,0.0715773115798714,550.0,0.2663947285918954,-0.03242484697013791,-0.0008961871690499312,0.6703251530527958
7.0,1.0,0.0,1.0,1.0,1.2602723116846168,1.0,5.285017935462876,,2.2512327212665717,-0.19055536172105816,2.1705953685310937,-1.424672378265649,-3.108070171790122,20.252560923877937,-2.242651282377373,-3.9832633801675503,4.59511985013459,1.2005734878844998,0.0715773264810326,550.0,0.2663947285918954,-0.03242484697013791,-0.0008961871690499312,0.6703251530527958
7.0,1.0,0.0,1.0,1.0,1.2602723116846168,1.0,5.285017935462876,,2.2512327212665717,-0.19055536172105816,2.1705953685310937,-1.424672378265649,-3.108070171790122,20.252560923877937,-2.242651282377373,-3.9832633801675503,4.59511985013459,1.2005734878844998,0.0715773115798714,550.0,0.2663947434930566,-0.03242484697013791,-0.0008961871690499312,0.6703251530527958
7.0,1.0,0.0,1.0,1.0,1.2602723116846168,1.0,5.285017935462876,,2.2512327212665717,-0.19055536172105816,2.1705953685310937,-1.424672378265649,-3.108070171790122,20.252560923877937,-2.242651282377373,-3.9832633801675503,4.59511985013459,1.2005734878844998,0.0715773115798714,550.0,0.2663947285918954,-0.0324248618712991,-0.0008961871690499312,0.6703251530527958
7.0,1.0,0.0,1.0,1.0,1.2602723116846168,1.0,5.285017935462876,,2.2512327212665717,-0.19055536172105816,2.1705953685310937,-1.424672378265649,-3.108070171790122,20.252560923877937,-2.242651282377373,-3.9832633801675503,4.59511985013459,1.2005734878844998,0.0715773115798714,550.0,0.2663947285918954,-0.03242484697013791,-0.000896202070211125,0.6703251530527958
7.0,1.0,0.0,1.0,1.0,1.2602723116846168,1.0,5.285017935462876,,2.2512327212665717,-0.19055536172105816,2.1705953685310937,-1.424672378265649,-3.108070171790122,20.252560923877937,-2.242651282377373,-3.9832633801675503,4.59511985013459,1.2005734878844998,0.0715773115798714,550.0,0.2663947285918954,-0.03242484697013791,-0.0008961871690499312,0.670325167953957
8.0,1.0,0.0,1.0,1.0,1.2603216054852364,1.0,5.285017954415767,,2.2512327212665717,-0.19055536172105816,2.1705953685310937,-1.4161242316878073,-3.107964848992795,33.3509602160171,-2.242775291219181,-3.983286162802031,4.59511985013459,1.20103516647777,0.07168563860900587,550.0,0.2689775335976576,-0.030237001968935726,-0.003802366212236577,0.6674722474331074
8.0,1.0,0.0,1.0,1.0,1.2603216242654918,1.0,5.285017954415767,,2.2512327212665717,-0.19055536172105816,2.1705953685310937,-1.4161242316878073,-3.107964848992795,33.3509602160171,-2.242775291219181,-3.983286162802031,4.59511985013459,1.20103516647777,0.07168563860900587,550.0,0.2689775335976576,-0.030237001968935726,-0.003802366212236577,0.6674722474331074
8.0,1.0,0.0,1.0,1.0,1.2603216054852364,1.0,5.285018033168671,,2.2512327212665717,-0.19055536172105816,2.1705953685310937,-1.4161242316878073,-3.107964848992795,33.3509602160171,-2.242775291219181,-3.983286162802031,4.59511985013459,1.20103516647777,0.07168563860900587,550.0,0.2689775335976576,-0.030237001968935726,-0.003802366212236577,0.6674722474331074
8.0,1.0,0.0,1.0,1.0,1.2603216054852364,1.0,5.285017954415767,,2.2512327212665717,-0.19055536172105816,2.1705953685310937,-1.4161242527897029,-3.107964848992795,33.3509602160171,-2.242775291219181,-3.983286162802031,4.59511985013459,1.20103516647777,0.07168563860900587,550.0,0.2689775335976576,-0.030237001968935726,-0.003802366212236577,0.6674722474331074
8.0,1.0,0.0,1.0,1.0,1.2603216054852364,1.0,5.285017954415767,,2.2512327212665717,-0.19055536172105816,2.1705953685310937,-1.4161242316878073,-3.1079648953050802,33.3509602160171,-2.242775291219181,-3.983286162802031,4.59511985013459,1.20103516647777,0.07168563860900587,550.0,0.2689775335976576,-0.030237001968935726,-0.003802366212236577,0.6674722474331074
8.0,1.0,0.0,1.0,1.0,1.2603216054852364,1.0,5.285017954415767,,2.2512327212665717,-0.19055536172105816,2.1705953685310937,-1.4161242316878073,-3.107964848992795,33.350960712985135,-2.242775291219181,-3.983286162802031,4.59511985013459,1.20103516647777,0.07168563860900587,550.0,0.2689775335976576,-0.030237001968935726,-0.003802366212236577,0.6674722474331074
8.0,1.0,0.0,1.0,1.0,1.2603216054852364,1.0,5.285017954415767,,2.2512327212665717,-0.19055536172105816,2.1705953685310937,-1.4161242316878073,-3.107964848992795,33.3509602160171,-2.2427753246391373,-3.983286162802031,4.59511985013459,1.20103516647777,0.07168563860900587,550.0,0.2689775335976576,-0.030237001968935726,-0.003802366212236577,0.6674722474331074
8.0,1.0,0.0,1.0,1.0,1.2603216054852364,1.0,5.285017954415767,,2.2512327212665717,-0.19055536172105816,2.1705953685310937,-1.4161242316878073,-3.107964848992795,33.3509602160171,-2.242775291219181,-3.9832862221576204,4.59511985013459,1.20103516647777,0.07168563860900587,550.0,0.2689775335976576,-0.030237001968935726,-0.003802366212236577,0.6674722474331074
8.0,1.0,0.0,1.0,1.0,1.2603216054852364,1.0,5.285017954415767,,2.2512327212665717,-0.19055536172105816,2.1705953685310937,-1.4161242316878073,-3.107964848992795,33.3509602160171,-2.242775291219181,-3.983286162802031,4.59511985013459,1.2010351843745888,0.07168563860900587,550.0,0.2689775335976576,-0.030237001968935726,-0.003802366212236577,0.6674722474331074
8.0,1.0,0.0,1.0,1.0,1.2603216054852364,1.0,5.285017954415767,,2.2512327212665717,-0.19055536172105816,2.1705953685310937,-1.4161242316878073,-3.107964848992795,33.3509602160171,-2.242775291219181,-3.983286162802031,4.59511985013459,1.20103516647777,0.07168565351016706,550.0,0.2689775335976576,-0.030237001968935726,-0.003802366212236577,0.6674722474331074
8.0,1.0,0.0,1.0,1.0,1.2603216054852364,1.0,5.285017954415767,,2.2512327212665717,-0.19055536172105816,2.1705953685310937,-1.4161242316878073,-3.107964848992795,33.3509602160171,-2.242775291219181,-3.983286162802031,4.59511985013459,1.20103516647777,0.07168563860900587,550.0,0.2689775484988188,-0.030237001968935726,-0.003802366212236577,0.6674722474331074
8.0,1.0,0.0,1.0,1.0,1.2603216054852364,1.0,5.285017954415767,,2.2512327212665717,-0.19055536172105816,2.1705953685310937,-1.4161242316878073,-3.107964848992795,33.3509602160171,-2.242775291219181,-3.983286162802031,4.59511985013459,1.20103516647777,0.07168563860900587,550.0,0.2689775335976576,-0.03023701687009692,-0.003802366212236577,0.6674722474331074
8.0,1.0,0.0,1.0,1.0,1.2603216054852364,1.0,5.285017954415767,,2.2512327212665717,-0.19055536172105816,2.1705953685310937,-1.4161242316878073,-3.107964848992795,33.3509602160171,-2.242775291219181,-3.983286162802031,4.59511985013459,1.20103516647777,0.07168563860900587,550.0,0.2689775335976576,-0.030237001968935726,-0.003802381113397771,0.6674722474331074
8.0,1.0,0.0,1.0,1.0,1.2603216054852364,1.0,5.285017954415767,,2.2512327212665717,-0.19055536172105816,2.1705953685310937,-1.4161242316878073,-3.107964848992795,33.3509602160171,-2.242775291219181,-3.983286162802031,4.59511985013459,1.20103516647777,0.07168563860900587,550.0,0.2689775335976576,-0.030237001968935726,-0.003802366212236577,0.6674722623342686
9.0,1.0,0.0,1.0,1.0,1.2604331004310625,1.0,5.285013669867666,,2.2512327212665717,-0.19055536172105816,2.1705953685310937,-1.427511882203036,-3.108364229256791,46.4493580542036,-2.243255966444744,-3.9831526738128042,4.59511985013459,1.2008750382028643,0.07183369756360607,550.0,0.2674378535589236,-0.02828962543378716,-0.0037501848104680674,0.6692453598590589
9.0,1.0,0.0,1.0,1.0,1.2604331192129794,1.0,5.285013669867666,,2.2512327212665717,-0.19055536172105816,2.1705953685310937,-1.427511882203036,-3.108364229256791,46.4493580542036,-2.243255966444744,-3.9831526738128042,4.59511985013459,1.2008750382028643,0.07183369756360607,550.0,0.2674378535589236,-0.02828962543378716,-0.0037501848104680674,0.6692453598590589
9.0,1.0,0.0,1.0,1.0,1.2604331004310625,1.0,5.285013748620507,,2.2512327212665717,-0.19055536172105816,2.1705953685310937,-1.427511882203036,-3.108364229256791,46.4493580542036,-2.243255966444744,-3.9831526738128042,4.59511985013459,1.2008750382028643,0.07183369756360607,550.0,0.2674378535589236,-0.02828962543378716,-0.0037501848104680674,0.6692453598590589
9.0,1.0,0.0,1.0,1.0,1.2604331004310625,1.0,5.285013669867666,,2.2512327212665717,-0.19055536172105816,2.1705953685310937,-1.4275119034746209,-3.108364229256791,46.4493580542036,-2.243255966444744,-3.9831526738128042,4.59511985013459,1.2008750382028643,0.07183369756360607,550.0,0.2674378535589236,-0.02828962543378716,-0.0037501848104680674,0.6692453598590589
9.0,1.0,0.0,1.0,1.0,1.2604331004310625,1.0,5.285013669867666,,2.2512327212665717,-0.19055536172105816,2.1705953685310937,-1.427511882203036,-3.108364275575027,46.4493580542036,-2.243255966444744,-3.9831526738128042,4.59511985013459,1.2008750382028643,0.07183369756360607,550.0,0.2674378535589236,-0.02828962543378716,-0.0037501848104680674,0.6692453598590589
9.0,1.0,0.0,1.0,1.0,1.2604331004310625,1.0,5.285013669867666,,2.2512327212665717,-0.19055536172105816,2.1705953685310937,-1.427511882203036,-3.108364229256791,46.44935874635297,-2.243255966444744,-3.9831526738128042,4.59511985013459,1.2008750382028643,0.07183369756360607,550.0,0.2674378535589236,-0.02828962543378716,-0.0037501848104680674,0.6692453598590589
9.0,1.0,0.0,1.0,1.0,1.2604331004310625,1.0,5.285013669867666,,2.2512327212665717,-0.19055536172105816,2.1705953685310937,-1.427511882203036,-3.108364229256791,46.4493580542036,-2.2432559998718626,-3.9831526738128042,4.59511985013459,1.2008750382028643,0.07183369756360607,550.0,0.2674378535589236,-0.02828962543378716,-0.0037501848104680674,0.6692453598590589
9.0,1.0,0.0,1.0,1.0,1.2604331004310625,1.0,5.285013669867666,,2.2512327212665717,-0.19055536172105816,2.1705953685310937,-1.427511882203036,-3.108364229256791,46.4493580542036,-2.243255966444744,-3.9831527331664045,4.59511985013459,1.2008750382028643,0.07183369756360607,550.0,0.2674378535589236,-0.02828962543378716,-0.0037501848104680674,0.6692453598590589
9.0,1.0,0.0,1.0,1.0,1.2604331004310625,1.0,5.285013669867666,,2.2512327212665717,-0.19055536172105816,2.1705953685310937,-1.427511882203036,-3.108364229256791,46.4493580542036,-2.243255966444744,-3.9831526738128042,4.59511985013459,1.200875056097297,0.07183369756360607,550.0,0.2674378535589236,-0.02828962543378716,-0.0037501848104680674,0.6692453598590589
9.0,1.0,0.0,1.0,1.0,1.2604331004310625,1.0,5.285013669867666,,2.2512327212665717,-0.19055536172105816,2.1705953685310937,-1.427511882203036,-3.108364229256791,46.4493580542036,-2.243255966444744,-3.9831526738128042,4.59511985013459,1.2008750382028643,0.07183371246476726,550.0,0.2674378535589236,-0.02828962543378716,-0.0037501848104680674,0.6692453598590589
9.0,1.0,0.0,1.0,1.0,1.2604331004310625,1.0,5.285013669867666,,2.2512327212665717,-0.19055536172105816,2.1705953685310937,-1.427511882203036,-3.108364229256791,46.4493580542036,-2.243255966444744,-3.9831526738128042,4.59511985013459,1.2008750382028643,0.07183369756360607,550.0,0.26743786846008477,-0.02828962543378716,-0.0037501848104680674,0.6692453598590589
9.0,1.0,0.0,1.0,1.0,1.2604331004310625,1.0,5.285013669867666,,2.2512327212665717,-0.19055536172105816,2.1705953685310937,-1.427511882203036,-3.108364229256791,46.4493580542036,-2.243255966444744,-3.9831526738128042,4.59511985013459,1.2008750382028643,0.07183369756360607,550.0,0.2674378535589236,-0.028289640334948355,-0.0037501848104680674,0.6692453598590589
9.0,1.0,0.0,1.0,1.0,1.2604331004310625,1.0,5.285013669867666,,2.2512327212665717,-0.19055536172105816,2.1705953685310937,-1.427511882203036,-3.108364229256791,46.4493580542036,-2.243255966444744,-3.9831526738128042,4.59511985013459,1.2008750382028643,0.07183369756360607,550.0,0.2674378535589236,-0.02828962543378716,-0.0037501997116292612,0.6692453598590589
9.0,1.0,0.0,1.0,1.0,1.2604331004310625,1.0,5.285013669867666,,2.2512327212665717,-0.19055536172105816,2.1705953685310937,-1.427511882203036,-3.108364229256791,46.4493580542036,-2.243255966444744,-3.9831526738128042,4.59511985013459,1.2008750382028643,0.07183369756360607,550.0,0.2674378535589236,-0.02828962543378716,-0.0037501848104680674,0.6692453747602201
10.0,1.0,0.0,1.0,1.0,1.2604331004310625,1.0,5.285013669867666,,2.2512327212665717,-0.19055536172105816,2.1705953685310937,-1.427511882203036,-3.108364229256791,46.4493580542036,-2.243255966444744,-3.9831526738128042,4.59511985013459,1.2008750382028643,0.07183369756360607,550.0,0.2674378535589236,-0.02828962543378716,-0.0037501848104680674,0.6692453598590589
