iteration,rates.k1,rates.k2,rates.k3,inputs.1,inputs.2,inputs.3,inputs.7,inputs.8,inputs.9,inputs.10,irf.center1,irf.center2,irf.center3,irf.width1,irf.width2,scale.1,scale.2,scale.3,area.1
0.0,-2.9964701457147096,0.6889885454110863,-0.6951291433512578,-0.6931471805599453,-1.4176199231627995,-1.0128566998504862,-1.824055414028876,-1.1661312468990608,-2.3416378202577466,-1.569928779339388,-0.6931811811379583,-0.9162307336740831,-1.2036691837566595,-2.8140275736437963,-2.409040652437975,1.000000082690371e-10,-0.12777462323559857,4.286753954166449,1.0
0.0,-2.9964701457147096,0.6889885454110865,-0.6951291433512576,-0.6931471805599453,-1.4176199231627993,-1.0128566998504862,-1.824055414028876,-1.1661312468990608,-2.3416378202577466,-1.569928779339388,-0.6931811811379582,-0.9162307336740833,-1.2036691837566595,-2.8140275736437963,-2.409040652437975,1.000000082690371e-10,-0.12777462323559857,4.286753954166449,1.0
0.0,-2.9964701457147096,0.6889885454110865,-0.6951291433512576,-0.6931471805599453,-1.4176199231627993,-1.0128566998504862,-1.824055414028876,-1.1661312468990608,-2.3416378202577466,-1.569928779339388,-0.6931811811379582,-0.9162307336740833,-1.2036691837566595,-2.8140275736437963,-2.409040652437975,1.000000082690371e-10,-0.12777462323559857,4.286753954166449,1.0
0.0,-2.9964701457147096,0.6889885454110865,-0.6951291433512576,-0.6931471805599453,-1.4176199231627993,-1.0128566998504862,-1.824055414028876,-1.1661312468990608,-2.3416378202577466,-1.569928779339388,-0.6931811811379582,-0.9162307336740833,-1.2036691837566595,-2.8140275736437963,-2.409040652437975,1.000000082690371e-10,-0.12777462323559857,4.286753954166449,1.0
0.0,-2.996470101063825,0.6889885454110865,-0.6951291433512576,-0.6931471805599453,-1.4176199231627993,-1.0128566998504862,-1.824055414028876,-1.1661312468990608,-2.3416378202577466,-1.569928779339388,-0.6931811811379582,-0.9162307336740833,-1.2036691837566595,-2.8140275736437963,-2.409040652437975,1.000000082690371e-10,-0.12777462323559857,4.286753954166449,1.0
0.0,-2.9964701457147096,0.6889885556778157,-0.6951291433512576,-0.6931471805599453,-1.4176199231627993,-1.0128566998504862,-1.824055414028876,-1.1661312468990608,-2.3416378202577466,-1.569928779339388,-0.6931811811379582,-0.9162307336740833,-1.2036691837566595,-2.8140275736437963,-2.409040652437975,1.000000082690371e-10,-0.12777462323559857,4.286753954166449,1.0
0.0,-2.9964701457147096,0.6889885454110865,-0.6951291329930263,-0.6931471805599453,-1.4176199231627993,-1.0128566998504862,-1.824055414028876,-1.1661312468990608,-2.3416378202577466,-1.569928779339388,-0.6931811811379582,-0.9162307336740833,-1.2036691837566595,-2.8140275736437963,-2.409040652437975,1.000000082690371e-10,-0.12777462323559857,4.286753954166449,1.0
0.0,-2.9964701457147096,0.6889885454110865,-0.6951291433512576,-0.6931471805599453,-1.4176199020386164,-1.0128566998504862,-1.824055414028876,-1.1661312468990608,-2.3416378202577466,-1.569928779339388,-0.6931811811379582,-0.9162307336740833,-1.2036691837566595,-2.8140275736437963,-2.409040652437975,1.000000082690371e-10,-0.12777462323559857,4.286753954166449,1.0
0.0,-2.9964701457147096,0.6889885454110865,-0.6951291433512576,-0.6931471805599453,-1.4176199231627993,-1.0128566847577452,-1.824055414028876,-1.1661312468990608,-2.3416378202577466,-1.569928779339388,-0.6931811811379582,-0.9162307336740833,-1.2036691837566595,-2.8140275736437963,-2.409040652437975,1.000000082690371e-10,-0.12777462323559857,4.286753954166449,1.0
0.0,-2.9964701457147096,0.6889885454110865,-0.6951291433512576,-0.6931471805599453,-1.4176199231627993,-1.0128566998504862,-1.8240553868483322,-1.1661312468990608,-2.3416378202577466,-1.569928779339388,-0.6931811811379582,-0.9162307336740833,-1.2036691837566595,-2.8140275736437963,-2.409040652437975,1.000000082690371e-10,-0.12777462323559857,4.286753954166449,1.0
0.0,-2.9964701457147096,0.6889885454110865,-0.6951291433512576,-0.6931471805599453,-1.4176199231627993,-1.0128566998504862,-1.824055414028876,-1.1661312295223512,-2.3416378202577466,-1.569928779339388,-0.6931811811379582,-0.9162307336740833,-1.2036691837566595,-2.8140275736437963,-2.409040652437975,1.000000082690371e-10,-0.12777462323559857,4.286753954166449,1.0
0.0,-2.9964701457147096,0.6889885454110865,-0.6951291433512576,-0.6931471805599453,-1.4176199231627993,-1.0128566998504862,-1.824055414028876,-1.1661312468990608,-2.341637785364624,-1.569928779339388,-0.6931811811379582,-0.9162307336740833,-1.2036691837566595,-2.8140275736437963,-2.409040652437975,1.000000082690371e-10,-0.12777462323559857,4.286753954166449,1.0
0.0,-2.9964701457147096,0.6889885454110865,-0.6951291433512576,-0.6931471805599453,-1.4176199231627993,-1.0128566998504862,-1.824055414028876,-1.1661312468990608,-2.3416378202577466,-1.569928755945626,-0.6931811811379582,-0.9162307336740833,-1.2036691837566595,-2.8140275736437963,-2.409040652437975,1.000000082690371e-10,-0.12777462323559857,4.286753954166449,1.0
0.0,-2.9964701457147096,0.6889885454110865,-0.6951291433512576,-0.6931471805599453,-1.4176199231627993,-1.0128566998504862,-1.824055414028876,-1.1661312468990608,-2.3416378202577466,-1.569928779339388,-0.6931811708087537,-0.9162307336740833,-1.2036691837566595,-2.8140275736437963,-2.409040652437975,1.000000082690371e-10,-0.12777462323559857,4.286753954166449,1.0
0.0,-2.9964701457147096,0.6889885454110865,-0.6951291433512576,-0.6931471805599453,-1.4176199231627993,-1.0128566998504862,-1.824055414028876,-1.1661312468990608,-2.3416378202577466,-1.569928779339388,-0.6931811811379582,-0.9162307200211814,-1.2036691837566595,-2.8140275736437963,-2.409040652437975,1.000000082690371e-10,-0.12777462323559857,4.286753954166449,1.0
0.0,-2.9964701457147096,0.6889885454110865,-0.6951291433512576,-0.6931471805599453,-1.4176199231627993,-1.0128566998504862,-1.824055414028876,-1.1661312468990608,-2.3416378202577466,-1.569928779339388,-0.6931811811379582,-0.9162307336740833,-1.203669165820591,-2.8140275736437963,-2.409040652437975,1.000000082690371e-10,-0.12777462323559857,4.286753954166449,1.0
0.0,-2.9964701457147096,0.6889885454110865,-0.6951291433512576,-0.6931471805599453,-1.4176199231627993,-1.0128566998504862,-1.824055414028876,-1.1661312468990608,-2.3416378202577466,-1.569928779339388,-0.6931811811379582,-0.9162307336740833,-1.2036691837566595,-2.8140275317115178,-2.409040652437975,1.000000082690371e-10,-0.12777462323559857,4.286753954166449,1.0
0.0,-2.9964701457147096,0.6889885454110865,-0.6951291433512576,-0.6931471805599453,-1.4176199231627993,-1.0128566998504862,-1.824055414028876,-1.1661312468990608,-2.3416378202577466,-1.569928779339388,-0.6931811811379582,-0.9162307336740833,-1.2036691837566595,-2.8140275736437963,-2.4090406165404716,1.000000082690371e-10,-0.12777462323559857,4.286753954166449,1.0
0.0,-2.9964701457147096,0.6889885454110865,-0.6951291433512576,-0.6931471805599453,-1.4176199231627993,-1.0128566998504862,-1.824055414028876,-1.1661312468990608,-2.3416378202577466,-1.569928779339388,-0.6931811811379582,-0.9162307336740833,-1.2036691837566595,-2.8140275736437963,-2.409040652437975,1.000000082690371e-10,-0.1277746213316083,4.286753954166449,1.0
0.0,-2.9964701457147096,0.6889885454110865,-0.6951291433512576,-0.6931471805599453,-1.4176199231627993,-1.0128566998504862,-1.824055414028876,-1.1661312468990608,-2.3416378202577466,-1.569928779339388,-0.6931811811379582,-0.9162307336740833,-1.2036691837566595,-2.8140275736437963,-2.409040652437975,1.000000082690371e-10,-0.12777462323559857,4.286754018044061,1.0
0.0,-2.997039415571469,0.6929171009607674,-0.6866362537884684,-0.6931471805599453,-1.4663155564595511,-0.9904999934758657,-1.8769665557711182,-1.1477099629826468,-2.5451261041075237,-1.6568941190765065,-0.693685410742133,-0.916759778468723,-0.8706803115520552,-2.8180181564825486,-1.5424840296145774,1.000000082690371e-10,-0.12728492395759633,4.224337592047391,1.0
0.0,-2.9970393709121015,0.6929171009607674,-0.6866362537884684,-0.6931471805599453,-1.4663155564595511,-0.9904999934758657,-1.8769665557711182,-1.1477099629826468,-2.5451261041075237,-1.6568941190765065,-0.693685410742133,-0.916759778468723,-0.8706803115520552,-2.8180181564825486,-1.5424840296145774,1.000000082690371e-10,-0.12728492395759633,4.224337592047391,1.0
0.0,-2.997039415571469,0.6929171112860368,-0.6866362537884684,-0.6931471805599453,-1.4663155564595511,-0.9904999934758657,-1.8769665557711182,-1.1477099629826468,-2.5451261041075237,-1.6568941190765065,-0.693685410742133,-0.916759778468723,-0.8706803115520552,-2.8180181564825486,-1.5424840296145774,1.000000082690371e-10,-0.12728492395759633,4.224337592047391,1.0
0.0,-2.997039415571469,0.6929171009607674,-0.686636243556791,-0.6931471805599453,-1.4663155564595511,-0.9904999934758657,-1.8769665557711182,-1.1477099629826468,-2.5451261041075237,-1.6568941190765065,-0.693685410742133,-0.916759778468723,-0.8706803115520552,-2.8180181564825486,-1.5424840296145774,1.000000082690371e-10,-0.12728492395759633,4.224337592047391,1.0
0.0,-2.997039415571469,0.6929171009607674,-0.6866362537884684,-0.6931471805599453,-1.4663155346097467,-0.9904999934758657,-1.8769665557711182,-1.1477099629826468,-2.5451261041075237,-1.6568941190765065,-0.693685410742133,-0.916759778468723,-0.8706803115520552,-2.8180181564825486,-1.5424840296145774,1.000000082690371e-10,-0.12728492395759633,4.224337592047391,1.0
0.0,-2.997039415571469,0.6929171009607674,-0.6866362537884684,-0.6931471805599453,-1.4663155564595511,-0.9904999787162656,-1.8769665557711182,-1.1477099629826468,-2.5451261041075237,-1.6568941190765065,-0.693685410742133,-0.916759778468723,-0.8706803115520552,-2.8180181564825486,-1.5424840296145774,1.000000082690371e-10,-0.12728492395759633,4.224337592047391,1.0
0.0,-2.997039415571469,0.6929171009607674,-0.6866362537884684,-0.6931471805599453,-1.4663155564595511,-0.9904999934758657,-1.876966527802137,-1.1477099629826468,-2.5451261041075237,-1.6568941190765065,-0.693685410742133,-0.916759778468723,-0.8706803115520552,-2.8180181564825486,-1.5424840296145774,1.000000082690371e-10,-0.12728492395759633,4.224337592047391,1.0
0.0,-2.997039415571469,0.6929171009607674,-0.6866362537884684,-0.6931471805599453,-1.4663155564595511,-0.9904999934758657,-1.8769665557711182,-1.1477099458804356,-2.5451261041075237,-1.6568941190765065,-0.693685410742133,-0.916759778468723,-0.8706803115520552,-2.8180181564825486,-1.5424840296145774,1.000000082690371e-10,-0.12728492395759633,4.224337592047391,1.0
0.0,-2.997039415571469,0.6929171009607674,-0.6866362537884684,-0.6931471805599453,-1.4663155564595511,-0.9904999934758657,-1.8769665557711182,-1.1477099629826468,-2.5451260661821893,-1.6568941190765065,-0.693685410742133,-0.916759778468723,-0.8706803115520552,-2.8180181564825486,-1.5424840296145774,1.000000082690371e-10,-0.12728492395759633,4.224337592047391,1.0
0.0,-2.997039415571469,0.6929171009607674,-0.6866362537884684,-0.6931471805599453,-1.4663155564595511,-0.9904999934758657,-1.8769665557711182,-1.1477099629826468,-2.5451261041075237,-1.6568940943868602,-0.693685410742133,-0.916759778468723,-0.8706803115520552,-2.8180181564825486,-1.5424840296145774,1.000000082690371e-10,-0.12728492395759633,4.224337592047391,1.0
0.0,-2.997039415571469,0.6929171009607674,-0.6866362537884684,-0.6931471805599453,-1.4663155564595511,-0.9904999934758657,-1.8769665557711182,-1.1477099629826468,-2.5451261041075237,-1.6568941190765065,-0.6936854004054148,-0.916759778468723,-0.8706803115520552,-2.8180181564825486,-1.5424840296145774,1.000000082690371e-10,-0.12728492395759633,4.224337592047391,1.0
0.0,-2.997039415571469,0.6929171009607674,-0.6866362537884684,-0.6931471805599453,-1.4663155564595511,-0.9904999934758657,-1.8769665557711182,-1.1477099629826468,-2.5451261041075237,-1.6568941190765065,-0.693685410742133,-0.9167597648079379,-0.8706803115520552,-2.8180181564825486,-1.5424840296145774,1.000000082690371e-10,-0.12728492395759633,4.224337592047391,1.0
0.0,-2.997039415571469,0.6929171009607674,-0.6866362537884684,-0.6931471805599453,-1.4663155564595511,-0.9904999934758657,-1.8769665557711182,-1.1477099629826468,-2.5451261041075237,-1.6568941190765065,-0.693685410742133,-0.916759778468723,-0.8706802985779074,-2.8180181564825486,-1.5424840296145774,1.000000082690371e-10,-0.12728492395759633,4.224337592047391,1.0
0.0,-2.997039415571469,0.6929171009607674,-0.6866362537884684,-0.6931471805599453,-1.4663155564595511,-0.9904999934758657,-1.8769665557711182,-1.1477099629826468,-2.5451261041075237,-1.6568941190765065,-0.693685410742133,-0.916759778468723,-0.8706803115520552,-2.8180181144908056,-1.5424840296145774,1.000000082690371e-10,-0.12728492395759633,4.224337592047391,1.0
0.0,-2.997039415571469,0.6929171009607674,-0.6866362537884684,-0.6931471805599453,-1.4663155564595511,-0.9904999934758657,-1.8769665557711182,-1.1477099629826468,-2.5451261041075237,-1.6568941190765065,-0.693685410742133,-0.916759778468723,-0.8706803115520552,-2.8180181564825486,-1.5424840066297743,1.000000082690371e-10,-0.12728492395759633,4.224337592047391,1.0
0.0,-2.997039415571469,0.6929171009607674,-0.6866362537884684,-0.6931471805599453,-1.4663155564595511,-0.9904999934758657,-1.8769665557711182,-1.1477099629826468,-2.5451261041075237,-1.6568941190765065,-0.693685410742133,-0.916759778468723,-0.8706803115520552,-2.8180181564825486,-1.5424840296145774,1.000000082690371e-10,-0.1272849220609031,4.224337592047391,1.0
0.0,-2.997039415571469,0.6929171009607674,-0.6866362537884684,-0.6931471805599453,-1.4663155564595511,-0.9904999934758657,-1.8769665557711182,-1.1477099629826468,-2.5451261041075237,-1.6568941190765065,-0.693685410742133,-0.916759778468723,-0.8706803115520552,-2.8180181564825486,-1.5424840296145774,1.000000082690371e-10,-0.12728492395759633,4.224337654994926,1.0
0.0,-2.9965844702079916,0.6890613255067328,-0.6942174572887984,-0.6931471805599453,-1.4191072763113908,-1.0107841897249634,-1.8254648618640297,-1.1640824118252258,-2.2944917448508173,-1.5845850867413596,-0.693219401041471,-0.916250931814463,-0.77559571231454,-2.814318355856659,-2.037785948255224,1.000000082690371e-10,-0.12777376269509313,4.284287207802297,1.0
0.0,-2.9965844255554033,0.6890613255067328,-0.6942174572887984,-0.6931471805599453,-1.4191072763113908,-1.0107841897249634,-1.8254648618640297,-1.1640824118252258,-2.2944917448508173,-1.5845850867413596,-0.693219401041471,-0.916250931814463,-0.77559571231454,-2.814318355856659,-2.037785948255224,1.000000082690371e-10,-0.12777376269509313,4.284287207802297,1.0
0.0,-2.9965844702079916,0.6890613357745468,-0.6942174572887984,-0.6931471805599453,-1.4191072763113908,-1.0107841897249634,-1.8254648618640297,-1.1640824118252258,-2.2944917448508173,-1.5845850867413596,-0.693219401041471,-0.916250931814463,-0.77559571231454,-2.814318355856659,-2.037785948255224,1.000000082690371e-10,-0.12777376269509313,4.284287207802297,1.0
0.0,-2.9965844702079916,0.6890613255067328,-0.6942174469441521,-0.6931471805599453,-1.4191072763113908,-1.0107841897249634,-1.8254648618640297,-1.1640824118252258,-2.2944917448508173,-1.5845850867413596,-0.693219401041471,-0.916250931814463,-0.77559571231454,-2.814318355856659,-2.037785948255224,1.000000082690371e-10,-0.12777376269509313,4.284287207802297,1.0
0.0,-2.9965844702079916,0.6890613255067328,-0.6942174572887984,-0.6931471805599453,-1.4191072551650445,-1.0107841897249634,-1.8254648618640297,-1.1640824118252258,-2.2944917448508173,-1.5845850867413596,-0.693219401041471,-0.916250931814463,-0.77559571231454,-2.814318355856659,-2.037785948255224,1.000000082690371e-10,-0.12777376269509313,4.284287207802297,1.0
0.0,-2.9965844702079916,0.6890613255067328,-0.6942174572887984,-0.6931471805599453,-1.4191072763113908,-1.0107841746631054,-1.8254648618640297,-1.1640824118252258,-2.2944917448508173,-1.5845850867413596,-0.693219401041471,-0.916250931814463,-0.77559571231454,-2.814318355856659,-2.037785948255224,1.000000082690371e-10,-0.12777376269509313,4.284287207802297,1.0
0.0,-2.9965844702079916,0.6890613255067328,-0.6942174572887984,-0.6931471805599453,-1.4191072763113908,-1.0107841897249634,-1.8254648346624833,-1.1640824118252258,-2.2944917448508173,-1.5845850867413596,-0.693219401041471,-0.916250931814463,-0.77559571231454,-2.814318355856659,-2.037785948255224,1.000000082690371e-10,-0.12777376269509313,4.284287207802297,1.0
0.0,-2.9965844702079916,0.6890613255067328,-0.6942174572887984,-0.6931471805599453,-1.4191072763113908,-1.0107841897249634,-1.8254648618640297,-1.1640823944790462,-2.2944917448508173,-1.5845850867413596,-0.693219401041471,-0.916250931814463,-0.77559571231454,-2.814318355856659,-2.037785948255224,1.000000082690371e-10,-0.12777376269509313,4.284287207802297,1.0
0.0,-2.9965844702079916,0.6890613255067328,-0.6942174572887984,-0.6931471805599453,-1.4191072763113908,-1.0107841897249634,-1.8254648618640297,-1.1640824118252258,-2.294491710660226,-1.5845850867413596,-0.693219401041471,-0.916250931814463,-0.77559571231454,-2.814318355856659,-2.037785948255224,1.000000082690371e-10,-0.12777376269509313,4.284287207802297,1.0
0.0,-2.9965844702079916,0.6890613255067328,-0.6942174572887984,-0.6931471805599453,-1.4191072763113908,-1.0107841897249634,-1.8254648618640297,-1.1640824118252258,-2.2944917448508173,-1.5845850631292018,-0.693219401041471,-0.916250931814463,-0.77559571231454,-2.814318355856659,-2.037785948255224,1.000000082690371e-10,-0.12777376269509313,4.284287207802297,1.0
0.0,-2.9965844702079916,0.6890613255067328,-0.6942174572887984,-0.6931471805599453,-1.4191072763113908,-1.0107841897249634,-1.8254648618640297,-1.1640824118252258,-2.2944917448508173,-1.5845850867413596,-0.6932193907116969,-0.916250931814463,-0.77559571231454,-2.814318355856659,-2.037785948255224,1.000000082690371e-10,-0.12777376269509313,4.284287207802297,1.0
0.0,-2.9965844702079916,0.6890613255067328,-0.6942174572887984,-0.6931471805599453,-1.4191072763113908,-1.0107841897249634,-1.8254648618640297,-1.1640824118252258,-2.2944917448508173,-1.5845850867413596,-0.693219401041471,-0.9162509181612603,-0.77559571231454,-2.814318355856659,-2.037785948255224,1.000000082690371e-10,-0.12777376269509313,4.284287207802297,1.0
0.0,-2.9965844702079916,0.6890613255067328,-0.6942174572887984,-0.6931471805599453,-1.4191072763113908,-1.0107841897249634,-1.8254648618640297,-1.1640824118252258,-2.2944917448508173,-1.5845850867413596,-0.693219401041471,-0.916250931814463,-0.7755957007572633,-2.814318355856659,-2.037785948255224,1.000000082690371e-10,-0.12777376269509313,4.284287207802297,1.0
0.0,-2.9965844702079916,0.6890613255067328,-0.6942174572887984,-0.6931471805599453,-1.4191072763113908,-1.0107841897249634,-1.8254648618640297,-1.1640824118252258,-2.2944917448508173,-1.5845850867413596,-0.693219401041471,-0.916250931814463,-0.77559571231454,-2.8143183139200474,-2.037785948255224,1.000000082690371e-10,-0.12777376269509313,4.284287207802297,1.0
0.0,-2.9965844702079916,0.6890613255067328,-0.6942174572887984,-0.6931471805599453,-1.4191072763113908,-1.0107841897249634,-1.8254648618640297,-1.1640824118252258,-2.2944917448508173,-1.5845850867413596,-0.693219401041471,-0.916250931814463,-0.77559571231454,-2.814318355856659,-2.037785917889847,1.000000082690371e-10,-0.12777376269509313,4.284287207802297,1.0
0.0,-2.9965844702079916,0.6890613255067328,-0.6942174572887984,-0.6931471805599453,-1.4191072763113908,-1.0107841897249634,-1.8254648618640297,-1.1640824118252258,-2.2944917448508173,-1.5845850867413596,-0.693219401041471,-0.916250931814463,-0.77559571231454,-2.814318355856659,-2.037785948255224,1.000000082690371e-10,-0.12777376079111563,4.284287207802297,1.0
0.0,-2.9965844702079916,0.6890613255067328,-0.6942174572887984,-0.6931471805599453,-1.4191072763113908,-1.0107841897249634,-1.8254648618640297,-1.1640824118252258,-2.2944917448508173,-1.5845850867413596,-0.693219401041471,-0.916250931814463,-0.77559571231454,-2.814318355856659,-2.037785948255224,1.000000082690371e-10,-0.12777376269509313,4.2842872716431515,1.0
0.0,-2.996477027342692,0.6888161025195726,-0.695088630389688,-0.6931471805599453,-1.4201356391132618,-1.0118910125763012,-1.826417032220371,-1.165212071032924,-2.338334601821861,-1.5731365666493329,-0.6931996736724949,-0.9162341815307212,-0.7997081718483465,-2.8141904690989277,-2.1188635722300666,1.000000082690371e-10,-0.1276937890148191,4.286320059420662,1.0
0.0,-2.996476982691705,0.6888161025195726,-0.695088630389688,-0.6931471805599453,-1.4201356391132618,-1.0118910125763012,-1.826417032220371,-1.165212071032924,-2.338334601821861,-1.5731365666493329,-0.6931996736724949,-0.9162341815307212,-0.7997081718483465,-2.8141904690989277,-2.1188635722300666,1.000000082690371e-10,-0.1276937890148191,4.286320059420662,1.0
0.0,-2.996477027342692,0.6888161127837323,-0.695088630389688,-0.6931471805599453,-1.4201356391132618,-1.0118910125763012,-1.826417032220371,-1.165212071032924,-2.338334601821861,-1.5731365666493329,-0.6931996736724949,-0.9162341815307212,-0.7997081718483465,-2.8141904690989277,-2.1188635722300666,1.000000082690371e-10,-0.1276937890148191,4.286320059420662,1.0
0.0,-2.996477027342692,0.6888161025195726,-0.6950886200320603,-0.6931471805599453,-1.4201356391132618,-1.0118910125763012,-1.826417032220371,-1.165212071032924,-2.338334601821861,-1.5731365666493329,-0.6931996736724949,-0.9162341815307212,-0.7997081718483465,-2.8141904690989277,-2.1188635722300666,1.000000082690371e-10,-0.1276937890148191,4.286320059420662,1.0
0.0,-2.996477027342692,0.6888161025195726,-0.695088630389688,-0.6931471805599453,-1.420135617951592,-1.0118910125763012,-1.826417032220371,-1.165212071032924,-2.338334601821861,-1.5731365666493329,-0.6931996736724949,-0.9162341815307212,-0.7997081718483465,-2.8141904690989277,-2.1188635722300666,1.000000082690371e-10,-0.1276937890148191,4.286320059420662,1.0
0.0,-2.996477027342692,0.6888161025195726,-0.695088630389688,-0.6931471805599453,-1.4201356391132618,-1.0118909974979504,-1.826417032220371,-1.165212071032924,-2.338334601821861,-1.5731365666493329,-0.6931996736724949,-0.9162341815307212,-0.7997081718483465,-2.8141904690989277,-2.1188635722300666,1.000000082690371e-10,-0.1276937890148191,4.286320059420662,1.0
0.0,-2.996477027342692,0.6888161025195726,-0.695088630389688,-0.6931471805599453,-1.4201356391132618,-1.0118910125763012,-1.8264170050046364,-1.165212071032924,-2.338334601821861,-1.5731365666493329,-0.6931996736724949,-0.9162341815307212,-0.7997081718483465,-2.8141904690989277,-2.1188635722300666,1.000000082690371e-10,-0.1276937890148191,4.286320059420662,1.0
0.0,-2.996477027342692,0.6888161025195726,-0.695088630389688,-0.6931471805599453,-1.4201356391132618,-1.0118910125763012,-1.826417032220371,-1.165212053669911,-2.338334601821861,-1.5731365666493329,-0.6931996736724949,-0.9162341815307212,-0.7997081718483465,-2.8141904690989277,-2.1188635722300666,1.000000082690371e-10,-0.1276937890148191,4.286320059420662,1.0
0.0,-2.996477027342692,0.6888161025195726,-0.695088630389688,-0.6931471805599453,-1.4201356391132618,-1.0118910125763012,-1.826417032220371,-1.165212071032924,-2.3383345669779603,-1.5731365666493329,-0.6931996736724949,-0.9162341815307212,-0.7997081718483465,-2.8141904690989277,-2.1188635722300666,1.000000082690371e-10,-0.1276937890148191,4.286320059420662,1.0
0.0,-2.996477027342692,0.6888161025195726,-0.695088630389688,-0.6931471805599453,-1.4201356391132618,-1.0118910125763012,-1.826417032220371,-1.165212071032924,-2.338334601821861,-1.5731365432077713,-0.6931996736724949,-0.9162341815307212,-0.7997081718483465,-2.8141904690989277,-2.1188635722300666,1.000000082690371e-10,-0.1276937890148191,4.286320059420662,1.0
0.0,-2.996477027342692,0.6888161025195726,-0.695088630389688,-0.6931471805599453,-1.4201356391132618,-1.0118910125763012,-1.826417032220371,-1.165212071032924,-2.338334601821861,-1.5731365666493329,-0.6931996633430147,-0.9162341815307212,-0.7997081718483465,-2.8141904690989277,-2.1188635722300666,1.000000082690371e-10,-0.1276937890148191,4.286320059420662,1.0
0.0,-2.996477027342692,0.6888161025195726,-0.695088630389688,-0.6931471805599453,-1.4201356391132618,-1.0118910125763012,-1.826417032220371,-1.165212071032924,-2.338334601821861,-1.5731365666493329,-0.6931996736724949,-0.916234167877768,-0.7997081718483465,-2.8141904690989277,-2.1188635722300666,1.000000082690371e-10,-0.1276937890148191,4.286320059420662,1.0
0.0,-2.996477027342692,0.6888161025195726,-0.695088630389688,-0.6931471805599453,-1.4201356391132618,-1.0118910125763012,-1.826417032220371,-1.165212071032924,-2.338334601821861,-1.5731365666493329,-0.6931996736724949,-0.9162341815307212,-0.7997081599317661,-2.8141904690989277,-2.1188635722300666,1.000000082690371e-10,-0.1276937890148191,4.286320059420662,1.0
0.0,-2.996477027342692,0.6888161025195726,-0.695088630389688,-0.6931471805599453,-1.4201356391132618,-1.0118910125763012,-1.826417032220371,-1.165212071032924,-2.338334601821861,-1.5731365666493329,-0.6931996736724949,-0.9162341815307212,-0.7997081718483465,-2.8141904271642217,-2.1188635722300666,1.000000082690371e-10,-0.1276937890148191,4.286320059420662,1.0
0.0,-2.996477027342692,0.6888161025195726,-0.695088630389688,-0.6931471805599453,-1.4201356391132618,-1.0118910125763012,-1.826417032220371,-1.165212071032924,-2.338334601821861,-1.5731365666493329,-0.6931996736724949,-0.9162341815307212,-0.7997081718483465,-2.8141904690989277,-2.118863540656539,1.000000082690371e-10,-0.1276937890148191,4.286320059420662,1.0
0.0,-2.996477027342692,0.6888161025195726,-0.695088630389688,-0.6931471805599453,-1.4201356391132618,-1.0118910125763012,-1.826417032220371,-1.165212071032924,-2.338334601821861,-1.5731365666493329,-0.6931996736724949,-0.9162341815307212,-0.7997081718483465,-2.8141904690989277,-2.1188635722300666,1.000000082690371e-10,-0.12769378711203339,4.286320059420662,1.0
0.0,-2.996477027342692,0.6888161025195726,-0.695088630389688,-0.6931471805599453,-1.4201356391132618,-1.0118910125763012,-1.826417032220371,-1.165212071032924,-2.338334601821861,-1.5731365666493329,-0.6931996736724949,-0.9162341815307212,-0.7997081718483465,-2.8141904690989277,-2.1188635722300666,1.000000082690371e-10,-0.1276937890148191,4.286320123291808,1.0
0.0,-2.9964737388224227,0.6887717314065324,-0.6951129914850154,-0.6931471805599453,-1.4181989039192924,-1.012904926156246,-1.8244578716234654,-1.1661948259309638,-2.34075039008468,-1.5704787431840184,-0.6931963962124871,-0.9162304740868128,-0.7985332950229045,-2.8141643034823445,-2.122518404387291,1.000000082690371e-10,-0.1277765376831992,4.286841333098667,1.0
0.0,-2.9964736941714847,0.6887717314065324,-0.6951129914850154,-0.6931471805599453,-1.4181989039192924,-1.012904926156246,-1.8244578716234654,-1.1661948259309638,-2.34075039008468,-1.5704787431840184,-0.6931963962124871,-0.9162304740868128,-0.7985332950229045,-2.8141643034823445,-2.122518404387291,1.000000082690371e-10,-0.1277765376831992,4.286841333098667,1.0
0.0,-2.9964737388224227,0.688771741670031,-0.6951129914850154,-0.6931471805599453,-1.4181989039192924,-1.012904926156246,-1.8244578716234654,-1.1661948259309638,-2.34075039008468,-1.5704787431840184,-0.6931963962124871,-0.9162304740868128,-0.7985332950229045,-2.8141643034823445,-2.122518404387291,1.000000082690371e-10,-0.1277765376831992,4.286841333098667,1.0
0.0,-2.9964737388224227,0.6887717314065324,-0.6951129811270247,-0.6931471805599453,-1.4181989039192924,-1.012904926156246,-1.8244578716234654,-1.1661948259309638,-2.34075039008468,-1.5704787431840184,-0.6931963962124871,-0.9162304740868128,-0.7985332950229045,-2.8141643034823445,-2.122518404387291,1.000000082690371e-10,-0.1277765376831992,4.286841333098667,1.0
0.0,-2.9964737388224227,0.6887717314065324,-0.6951129914850154,-0.6931471805599453,-1.4181988827864822,-1.012904926156246,-1.8244578716234654,-1.1661948259309638,-2.34075039008468,-1.5704787431840184,-0.6931963962124871,-0.9162304740868128,-0.7985332950229045,-2.8141643034823445,-2.122518404387291,1.000000082690371e-10,-0.1277765376831992,4.286841333098667,1.0
0.0,-2.9964737388224227,0.6887717314065324,-0.6951129914850154,-0.6931471805599453,-1.4181989039192924,-1.0129049110627864,-1.8244578716234654,-1.1661948259309638,-2.34075039008468,-1.5704787431840184,-0.6931963962124871,-0.9162304740868128,-0.7985332950229045,-2.8141643034823445,-2.122518404387291,1.000000082690371e-10,-0.1277765376831992,4.286841333098667,1.0
0.0,-2.9964737388224227,0.6887717314065324,-0.6951129914850154,-0.6931471805599453,-1.4181989039192924,-1.012904926156246,-1.8244578444369246,-1.1661948259309638,-2.34075039008468,-1.5704787431840184,-0.6931963962124871,-0.9162304740868128,-0.7985332950229045,-2.8141643034823445,-2.122518404387291,1.000000082690371e-10,-0.1277765376831992,4.286841333098667,1.0
0.0,-2.9964737388224227,0.6887717314065324,-0.6951129914850154,-0.6931471805599453,-1.4181989039192924,-1.012904926156246,-1.8244578716234654,-1.1661948085533067,-2.34075039008468,-1.5704787431840184,-0.6931963962124871,-0.9162304740868128,-0.7985332950229045,-2.8141643034823445,-2.122518404387291,1.000000082690371e-10,-0.1277765376831992,4.286841333098667,1.0
0.0,-2.9964737388224227,0.6887717314065324,-0.6951129914850154,-0.6931471805599453,-1.4181989039192924,-1.012904926156246,-1.8244578716234654,-1.1661948259309638,-2.340750355204781,-1.5704787431840184,-0.6931963962124871,-0.9162304740868128,-0.7985332950229045,-2.8141643034823445,-2.122518404387291,1.000000082690371e-10,-0.1277765376831992,4.286841333098667,1.0
0.0,-2.9964737388224227,0.6887717314065324,-0.6951129914850154,-0.6931471805599453,-1.4181989039192924,-1.012904926156246,-1.8244578716234654,-1.1661948259309638,-2.34075039008468,-1.5704787197820615,-0.6931963962124871,-0.9162304740868128,-0.7985332950229045,-2.8141643034823445,-2.122518404387291,1.000000082690371e-10,-0.1277765376831992,4.286841333098667,1.0
0.0,-2.9964737388224227,0.6887717314065324,-0.6951129914850154,-0.6931471805599453,-1.4181989039192924,-1.012904926156246,-1.8244578716234654,-1.1661948259309638,-2.34075039008468,-1.5704787431840184,-0.693196385883056,-0.9162304740868128,-0.7985332950229045,-2.8141643034823445,-2.122518404387291,1.000000082690371e-10,-0.1277765376831992,4.286841333098667,1.0
0.0,-2.9964737388224227,0.6887717314065324,-0.6951129914850154,-0.6931471805599453,-1.4181989039192924,-1.012904926156246,-1.8244578716234654,-1.1661948259309638,-2.34075039008468,-1.5704787431840184,-0.6931963962124871,-0.9162304604339149,-0.7985332950229045,-2.8141643034823445,-2.122518404387291,1.000000082690371e-10,-0.1277765376831992,4.286841333098667,1.0
0.0,-2.9964737388224227,0.6887717314065324,-0.6951129914850154,-0.6931471805599453,-1.4181989039192924,-1.012904926156246,-1.8244578716234654,-1.1661948259309638,-2.34075039008468,-1.5704787431840184,-0.6931963962124871,-0.9162304740868128,-0.798533283123831,-2.8141643034823445,-2.122518404387291,1.000000082690371e-10,-0.1277765376831992,4.286841333098667,1.0
0.0,-2.9964737388224227,0.6887717314065324,-0.6951129914850154,-0.6931471805599453,-1.4181989039192924,-1.012904926156246,-1.8244578716234654,-1.1661948259309638,-2.34075039008468,-1.5704787431840184,-0.6931963962124871,-0.9162304740868128,-0.7985332950229045,-2.8141642615480285,-2.122518404387291,1.000000082690371e-10,-0.1277765376831992,4.286841333098667,1.0
0.0,-2.9964737388224227,0.6887717314065324,-0.6951129914850154,-0.6931471805599453,-1.4181989039192924,-1.012904926156246,-1.8244578716234654,-1.1661948259309638,-2.34075039008468,-1.5704787431840184,-0.6931963962124871,-0.9162304740868128,-0.7985332950229045,-2.8141643034823445,-2.1225183727593024,1.000000082690371e-10,-0.1277765376831992,4.286841333098667,1.0
0.0,-2.9964737388224227,0.6887717314065324,-0.6951129914850154,-0.6931471805599453,-1.4181989039192924,-1.012904926156246,-1.8244578716234654,-1.1661948259309638,-2.34075039008468,-1.5704787431840184,-0.6931963962124871,-0.9162304740868128,-0.7985332950229045,-2.8141643034823445,-2.122518404387291,1.000000082690371e-10,-0.1277765357791804,4.286841333098667,1.0
0.0,-2.9964737388224227,0.6887717314065324,-0.6951129914850154,-0.6931471805599453,-1.4181989039192924,-1.012904926156246,-1.8244578716234654,-1.1661948259309638,-2.34075039008468,-1.5704787431840184,-0.6931963962124871,-0.9162304740868128,-0.7985332950229045,-2.8141643034823445,-2.122518404387291,1.000000082690371e-10,-0.1277765376831992,4.2868413969775805,1.0
0.0,-2.9964737947340625,0.68877421498929,-0.6951130762474054,-0.6931471805599453,-1.4181922487203378,-1.0129076021716554,-1.824451970475199,-1.1661973445491332,-2.3407390002370585,-1.5704895563350405,-0.6931963781557445,-0.9162304641592427,-0.7985379695256232,-2.814164198882168,-2.122525041410337,1.000000082690371e-10,-0.1277770586653832,4.286839640418174,1.0
0.0,-2.9964737947340625,0.68877421498929,-0.6951130762474054,-0.6931471805599453,-1.4181922487203378,-1.0129076021716554,-1.824451970475199,-1.1661973445491332,-2.3407390002370585,-1.5704895563350405,-0.6931963781557445,-0.9162304641592427,-0.7985379695256232,-2.814164198882168,-2.122525041410337,1.000000082690371e-10,-0.1277770586653832,4.286839640418174,1.0
0.0,-2.996491939744644,0.68877421498929,-0.6951130762474054,-0.6931471805599453,-1.4181922487203378,-1.0129076021716554,-1.824451970475199,-1.1661973445491332,-2.3407390002370585,-1.5704895563350405,-0.6931963781557445,-0.9162304641592427,-0.7985379695256232,-2.814164198882168,-2.122525041410337,1.000000082690371e-10,-0.1277770586653832,4.286839640418174,1.0
0.0,-2.996455649723481,0.68877421498929,-0.6951130762474054,-0.6931471805599453,-1.4181922487203378,-1.0129076021716554,-1.824451970475199,-1.1661973445491332,-2.3407390002370585,-1.5704895563350405,-0.6931963781557445,-0.9162304641592427,-0.7985379695256232,-2.814164198882168,-2.122525041410337,1.000000082690371e-10,-0.1277770586653832,4.286839640418174,1.0
0.0,-2.9964737947340625,0.6887681595348375,-0.6951130762474054,-0.6931471805599453,-1.4181922487203378,-1.0129076021716554,-1.824451970475199,-1.1661973445491332,-2.3407390002370585,-1.5704895563350405,-0.6931963781557445,-0.9162304641592427,-0.7985379695256232,-2.814164198882168,-2.122525041410337,1.000000082690371e-10,-0.1277770586653832,4.286839640418174,1.0
0.0,-2.9964737947340625,0.6887802704437425,-0.6951130762474054,-0.6931471805599453,-1.4181922487203378,-1.0129076021716554,-1.824451970475199,-1.1661973445491332,-2.3407390002370585,-1.5704895563350405,-0.6931963781557445,-0.9162304641592427,-0.7985379695256232,-2.814164198882168,-2.122525041410337,1.000000082690371e-10,-0.1277770586653832,4.286839640418174,1.0
0.0,-2.9964737947340625,0.68877421498929,-0.6951191317018578,-0.6931471805599453,-1.4181922487203378,-1.0129076021716554,-1.824451970475199,-1.1661973445491332,-2.3407390002370585,-1.5704895563350405,-0.6931963781557445,-0.9162304641592427,-0.7985379695256232,-2.814164198882168,-2.122525041410337,1.000000082690371e-10,-0.1277770586653832,4.286839640418174,1.0
0.0,-2.9964737947340625,0.68877421498929,-0.6951070207929528,-0.6931471805599453,-1.4181922487203378,-1.0129076021716554,-1.824451970475199,-1.1661973445491332,-2.3407390002370585,-1.5704895563350405,-0.6931963781557445,-0.9162304641592427,-0.7985379695256232,-2.814164198882168,-2.122525041410337,1.000000082690371e-10,-0.1277770586653832,4.286839640418174,1.0
0.0,-2.9964737947340625,0.68877421498929,-0.6951130762474054,-0.6931471805599453,-1.4182008365189047,-1.0129076021716554,-1.824451970475199,-1.1661973445491332,-2.3407390002370585,-1.5704895563350405,-0.6931963781557445,-0.9162304641592427,-0.7985379695256232,-2.814164198882168,-2.122525041410337,1.000000082690371e-10,-0.1277770586653832,4.286839640418174,1.0
0.0,-2.9964737947340625,0.68877421498929,-0.6951130762474054,-0.6931471805599453,-1.418183660921771,-1.0129076021716554,-1.824451970475199,-1.1661973445491332,-2.3407390002370585,-1.5704895563350405,-0.6931963781557445,-0.9162304641592427,-0.7985379695256232,-2.814164198882168,-2.122525041410337,1.000000082690371e-10,-0.1277770586653832,4.286839640418174,1.0
0.0,-2.9964737947340625,0.68877421498929,-0.6951130762474054,-0.6931471805599453,-1.4181922487203378,-1.0129137357875049,-1.824451970475199,-1.1661973445491332,-2.3407390002370585,-1.5704895563350405,-0.6931963781557445,-0.9162304641592427,-0.7985379695256232,-2.814164198882168,-2.122525041410337,1.000000082690371e-10,-0.1277770586653832,4.286839640418174,1.0
0.0,-2.9964737947340625,0.68877421498929,-0.6951130762474054,-0.6931471805599453,-1.4181922487203378,-1.0129014685558058,-1.824451970475199,-1.1661973445491332,-2.3407390002370585,-1.5704895563350405,-0.6931963781557445,-0.9162304641592427,-0.7985379695256232,-2.814164198882168,-2.122525041410337,1.000000082690371e-10,-0.1277770586653832,4.286839640418174,1.0
0.0,-2.9964737947340625,0.68877421498929,-0.6951130762474054,-0.6931471805599453,-1.4181922487203378,-1.0129076021716554,-1.8244630183610067,-1.1661973445491332,-2.3407390002370585,-1.5704895563350405,-0.6931963781557445,-0.9162304641592427,-0.7985379695256232,-2.814164198882168,-2.122525041410337,1.000000082690371e-10,-0.1277770586653832,4.286839640418174,1.0
0.0,-2.9964737947340625,0.68877421498929,-0.6951130762474054,-0.6931471805599453,-1.4181922487203378,-1.0129076021716554,-1.8244409225893912,-1.1661973445491332,-2.3407390002370585,-1.5704895563350405,-0.6931963781557445,-0.9162304641592427,-0.7985379695256232,-2.814164198882168,-2.122525041410337,1.000000082690371e-10,-0.1277770586653832,4.286839640418174,1.0
0.0,-2.9964737947340625,0.68877421498929,-0.6951130762474054,-0.6931471805599453,-1.4181922487203378,-1.0129076021716554,-1.824451970475199,-1.1662044064040356,-2.3407390002370585,-1.5704895563350405,-0.6931963781557445,-0.9162304641592427,-0.7985379695256232,-2.814164198882168,-2.122525041410337,1.000000082690371e-10,-0.1277770586653832,4.286839640418174,1.0
0.0,-2.9964737947340625,0.68877421498929,-0.6951130762474054,-0.6931471805599453,-1.4181922487203378,-1.0129076021716554,-1.824451970475199,-1.1661902826942308,-2.3407390002370585,-1.5704895563350405,-0.6931963781557445,-0.9162304641592427,-0.7985379695256232,-2.814164198882168,-2.122525041410337,1.000000082690371e-10,-0.1277770586653832,4.286839640418174,1.0
0.0,-2.9964737947340625,0.68877421498929,-0.6951130762474054,-0.6931471805599453,-1.4181922487203378,-1.0129076021716554,-1.824451970475199,-1.1661973445491332,-2.3407531744754593,-1.5704895563350405,-0.6931963781557445,-0.9162304641592427,-0.7985379695256232,-2.814164198882168,-2.122525041410337,1.000000082690371e-10,-0.1277770586653832,4.286839640418174,1.0
0.0,-2.9964737947340625,0.68877421498929,-0.6951130762474054,-0.6931471805599453,-1.4181922487203378,-1.0129076021716554,-1.824451970475199,-1.1661973445491332,-2.3407248259986577,-1.5704895563350405,-0.6931963781557445,-0.9162304641592427,-0.7985379695256232,-2.814164198882168,-2.122525041410337,1.000000082690371e-10,-0.1277770586653832,4.286839640418174,1.0
0.0,-2.9964737947340625,0.68877421498929,-0.6951130762474054,-0.6931471805599453,-1.4181922487203378,-1.0129076021716554,-1.824451970475199,-1.1661973445491332,-2.3407390002370585,-1.570499066363017,-0.6931963781557445,-0.9162304641592427,-0.7985379695256232,-2.814164198882168,-2.122525041410337,1.000000082690371e-10,-0.1277770586653832,4.286839640418174,1.0
0.0,-2.9964737947340625,0.68877421498929,-0.6951130762474054,-0.6931471805599453,-1.4181922487203378,-1.0129076021716554,-1.824451970475199,-1.1661973445491332,-2.3407390002370585,-1.570480046307064,-0.6931963781557445,-0.9162304641592427,-0.7985379695256232,-2.814164198882168,-2.122525041410337,1.000000082690371e-10,-0.1277770586653832,4.286839640418174,1.0
0.0,-2.9964737947340625,0.68877421498929,-0.6951130762474054,-0.6931471805599453,-1.4181922487203378,-1.0129076021716554,-1.824451970475199,-1.1661973445491332,-2.3407390002370585,-1.5704895563350405,-0.693202433610197,-0.9162304641592427,-0.7985379695256232,-2.814164198882168,-2.122525041410337,1.000000082690371e-10,-0.1277770586653832,4.286839640418174,1.0
0.0,-2.9964737947340625,0.68877421498929,-0.6951130762474054,-0.6931471805599453,-1.4181922487203378,-1.0129076021716554,-1.824451970475199,-1.1661973445491332,-2.3407390002370585,-1.5704895563350405,-0.6931903227012921,-0.9162304641592427,-0.7985379695256232,-2.814164198882168,-2.122525041410337,1.000000082690371e-10,-0.1277770586653832,4.286839640418174,1.0
0.0,-2.9964737947340625,0.68877421498929,-0.6951130762474054,-0.6931471805599453,-1.4181922487203378,-1.0129076021716554,-1.824451970475199,-1.1661973445491332,-2.3407390002370585,-1.5704895563350405,-0.6931963781557445,-0.9162365196136952,-0.7985379695256232,-2.814164198882168,-2.122525041410337,1.000000082690371e-10,-0.1277770586653832,4.286839640418174,1.0
0.0,-2.9964737947340625,0.68877421498929,-0.6951130762474054,-0.6931471805599453,-1.4181922487203378,-1.0129076021716554,-1.824451970475199,-1.1661973445491332,-2.3407390002370585,-1.5704895563350405,-0.6931963781557445,-0.9162244087047903,-0.7985379695256232,-2.814164198882168,-2.122525041410337,1.000000082690371e-10,-0.1277770586653832,4.286839640418174,1.0
0.0,-2.9964737947340625,0.68877421498929,-0.6951130762474054,-0.6931471805599453,-1.4181922487203378,-1.0129076021716554,-1.824451970475199,-1.1661973445491332,-2.3407390002370585,-1.5704895563350405,-0.6931963781557445,-0.9162304641592427,-0.7985440249800756,-2.814164198882168,-2.122525041410337,1.000000082690371e-10,-0.1277770586653832,4.286839640418174,1.0
0.0,-2.9964737947340625,0.68877421498929,-0.6951130762474054,-0.6931471805599453,-1.4181922487203378,-1.0129076021716554,-1.824451970475199,-1.1661973445491332,-2.3407390002370585,-1.5704895563350405,-0.6931963781557445,-0.9162304641592427,-0.7985319140711709,-2.814164198882168,-2.122525041410337,1.000000082690371e-10,-0.1277770586653832,4.286839640418174,1.0
0.0,-2.9964737947340625,0.68877421498929,-0.6951130762474054,-0.6931471805599453,-1.4181922487203378,-1.0129076021716554,-1.824451970475199,-1.1661973445491332,-2.3407390002370585,-1.5704895563350405,-0.6931963781557445,-0.9162304641592427,-0.7985379695256232,-2.8141812399252957,-2.122525041410337,1.000000082690371e-10,-0.1277770586653832,4.286839640418174,1.0
0.0,-2.9964737947340625,0.68877421498929,-0.6951130762474054,-0.6931471805599453,-1.4181922487203378,-1.0129076021716554,-1.824451970475199,-1.1661973445491332,-2.3407390002370585,-1.5704895563350405,-0.6931963781557445,-0.9162304641592427,-0.7985379695256232,-2.8141471578390402,-2.122525041410337,1.000000082690371e-10,-0.1277770586653832,4.286839640418174,1.0
0.0,-2.9964737947340625,0.68877421498929,-0.6951130762474054,-0.6931471805599453,-1.4181922487203378,-1.0129076021716554,-1.824451970475199,-1.1661973445491332,-2.3407390002370585,-1.5704895563350405,-0.6931963781557445,-0.9162304641592427,-0.7985379695256232,-2.814164198882168,-2.1225378942640494,1.000000082690371e-10,-0.1277770586653832,4.286839640418174,1.0
0.0,-2.9964737947340625,0.68877421498929,-0.6951130762474054,-0.6931471805599453,-1.4181922487203378,-1.0129076021716554,-1.824451970475199,-1.1661973445491332,-2.3407390002370585,-1.5704895563350405,-0.6931963781557445,-0.9162304641592427,-0.7985379695256232,-2.814164198882168,-2.1225121885566245,1.000000082690371e-10,-0.1277770586653832,4.286839640418174,1.0
0.0,-2.9964737947340625,0.68877421498929,-0.6951130762474054,-0.6931471805599453,-1.4181922487203378,-1.0129076021716554,-1.824451970475199,-1.1661973445491332,-2.3407390002370585,-1.5704895563350405,-0.6931963781557445,-0.9162304641592427,-0.7985379695256232,-2.814164198882168,-2.122525041410337,1.000000082690371e-10,-0.1277831141198356,4.286839640418174,1.0
0.0,-2.9964737947340625,0.68877421498929,-0.6951130762474054,-0.6931471805599453,-1.4181922487203378,-1.0129076021716554,-1.824451970475199,-1.1661973445491332,-2.3407390002370585,-1.5704895563350405,-0.6931963781557445,-0.9162304641592427,-0.7985379695256232,-2.814164198882168,-2.122525041410337,1.000000082690371e-10,-0.12777100321093074,4.286839640418174,1.0
0.0,-2.9964737947340625,0.68877421498929,-0.6951130762474054,-0.6931471805599453,-1.4181922487203378,-1.0129076021716554,-1.824451970475199,-1.1661973445491332,-2.3407390002370585,-1.5704895563350405,-0.6931963781557445,-0.9162304641592427,-0.7985379695256232,-2.814164198882168,-2.122525041410337,1.000000082690371e-10,-0.1277770586653832,4.286813681655987,1.0
0.0,-2.9964737947340625,0.68877421498929,-0.6951130762474054,-0.6931471805599453,-1.4181922487203378,-1.0129076021716554,-1.824451970475199,-1.1661973445491332,-2.3407390002370585,-1.5704895563350405,-0.6931963781557445,-0.9162304641592427,-0.7985379695256232,-2.814164198882168,-2.122525041410337,1.000000082690371e-10,-0.1277770586653832,4.286865599180361,1.0
0.0,-2.9964737947340625,0.68877421498929,-0.6951130762474054,-0.6931471805599453,-1.4181922487203378,-1.0129076021716554,-1.824451970475199,-1.1661973445491332,-2.3407390002370585,-1.5704895563350405,-0.6931963781557445,-0.9162304641592427,-0.7985379695256232,-2.814164198882168,-2.122525041410337,1.000000082690371e-10,-0.1277770586653832,4.286839640418174,1.0
